apk_name,active_name,contrast_type,id_or_bounds,raletive_class
de.p72b.bonitur,de.p72b.bonitur.ActivityAbout,Text contrast,de.p72b.bonitur:id/textView2,android.widget.TextView
de.p72b.bonitur,de.p72b.bonitur.ActivityAbout,Text contrast,de.p72b.bonitur:id/textView4,android.widget.TextView
de.p72b.bonitur,de.p72b.bonitur.ActivityAbout,Text contrast,de.p72b.bonitur:id/textView6,android.widget.TextView
de.p72b.bonitur,de.p72b.bonitur.ActivityAbout,Image contrast,"[0,213][1080,218]",android.widget.ImageView
de.p72b.bonitur,de.p72b.bonitur.ActivityAbout,Text contrast,de.p72b.bonitur:id/textView1,android.widget.TextView
de.p72b.bonitur,de.p72b.bonitur.ActivityAbout,Text contrast,de.p72b.bonitur:id/textView0,android.widget.TextView
de.p72b.bonitur,de.p72b.bonitur.ActivityMain,Text contrast,"[42,101][214,172]",android.widget.TextView
com.polaz.fxcash,com.polaz.fxcashapp.PersonalInfoActivity,Text contrast,com.polaz.fxcashapp:id/btnSignin,android.widget.Button
com.polaz.fxcash,com.polaz.fxcashapp.PersonalInfoActivity,Text contrast,com.polaz.fxcashapp:id/tvCreateAccount,android.widget.TextView
com.polaz.fxcash,com.polaz.fxcashapp.NewsActivity,Text contrast,com.polaz.fxcashapp:id/btnSignin,android.widget.Button
com.polaz.fxcash,com.polaz.fxcashapp.NewsActivity,Text contrast,com.polaz.fxcashapp:id/tvCreateAccount,android.widget.TextView
com.polaz.fxcash,com.polaz.fxcashapp.SupportActivity,Text contrast,com.polaz.fxcashapp:id/btnSignin,android.widget.Button
com.polaz.fxcash,com.polaz.fxcashapp.SupportActivity,Text contrast,com.polaz.fxcashapp:id/tvCreateAccount,android.widget.TextView
com.polaz.fxcash,com.polaz.fxcashapp.MenuActivity,Text contrast,com.polaz.fxcashapp:id/btnSignin,android.widget.Button
com.polaz.fxcash,com.polaz.fxcashapp.MenuActivity,Text contrast,com.polaz.fxcashapp:id/tvCreateAccount,android.widget.TextView
com.polaz.fxcash,com.polaz.fxcashapp.AuthActivity,Text contrast,com.polaz.fxcashapp:id/btnSignin,android.widget.Button
com.polaz.fxcash,com.polaz.fxcashapp.AuthActivity,Text contrast,com.polaz.fxcashapp:id/tvCreateAccount,android.widget.TextView
com.polaz.fxcash,com.polaz.fxcashapp.HistoryBalanceActivity,Text contrast,com.polaz.fxcashapp:id/btnSignin,android.widget.Button
com.polaz.fxcash,com.polaz.fxcashapp.HistoryBalanceActivity,Text contrast,com.polaz.fxcashapp:id/tvCreateAccount,android.widget.TextView
com.polaz.fxcash,com.polaz.fxcashapp.OutputsActivity,Text contrast,com.polaz.fxcashapp:id/btnSignin,android.widget.Button
com.polaz.fxcash,com.polaz.fxcashapp.OutputsActivity,Text contrast,com.polaz.fxcashapp:id/tvCreateAccount,android.widget.TextView
com.polaz.fxcash,com.polaz.fxcashapp.TradingBillsActivity,Text contrast,com.polaz.fxcashapp:id/btnSignin,android.widget.Button
com.polaz.fxcash,com.polaz.fxcashapp.TradingBillsActivity,Text contrast,com.polaz.fxcashapp:id/tvCreateAccount,android.widget.TextView
com.pascalfischer.myelly,com.pascalfischer.myelly.LoginView,Text contrast,com.pascalfischer.myelly:id/username_box,android.widget.EditText
com.pascalfischer.myelly,com.pascalfischer.myelly.LoginView,Text contrast,com.pascalfischer.myelly:id/password_box,android.widget.EditText
org.mtransit.android.ca_ste_julie_omitsju_bus,org.mtransit.android.commons.ui.ModuleRedirectActivity,Text contrast,android:id/title,
de.markusfisch.android.shadereditor,de.markusfisch.android.shadereditor.activity.MainActivity,Text contrast,"[157,146][247,189]",android.widget.TextView
com.diary.superdiary,com.diary.superdiary.addnewrecord,Text contrast,com.diary.superdiary:id/editText1,android.widget.EditText
com.diary.superdiary,com.diary.superdiary.MainActivity,Text contrast,com.diary.superdiary:id/textView3,android.widget.TextView
com.diary.superdiary,com.diary.superdiary.MainActivity,Text contrast,com.diary.superdiary:id/textView2,android.widget.TextView
com.diary.superdiary,com.diary.superdiary.MainActivity,Text contrast,com.diary.superdiary:id/password,android.widget.EditText
com.diary.superdiary,com.diary.superdiary.passwordchange,Text contrast,com.diary.superdiary:id/textView3,android.widget.TextView
com.diary.superdiary,com.diary.superdiary.passwordchange,Text contrast,com.diary.superdiary:id/textView2,android.widget.TextView
com.diary.superdiary,com.diary.superdiary.passwordchange,Text contrast,com.diary.superdiary:id/password,android.widget.EditText
com.diary.superdiary,com.diary.superdiary.editdata,Text contrast,com.diary.superdiary:id/note,android.widget.EditText
com.sparky.ptisongs,com.sparky.ptisongs.CategoryItem,Text contrast,android:id/alertTitle,android.widget.TextView
com.sparky.ptisongs,com.sparky.ptisongs.SplashActivity,Text contrast,android:id/alertTitle,android.widget.TextView
com.sparky.ptisongs,com.sparky.ptisongs.MainActivity,Text contrast,android:id/alertTitle,android.widget.TextView
cz.okhelp.german_czech_phrases,cz.okhelp.german_czech_phrases.PreferencesLib,Text contrast,android:id/title,android.widget.TextView
cz.okhelp.german_czech_phrases,cz.okhelp.german_czech_phrases.MainPsc,Text contrast,android:id/title,android.widget.TextView
com.darsh.galleryorganizer2,com.darsh.galleryorganizer2.activities.CollectionActivity,Image contrast,com.darsh.galleryorganizer2:id/floating_action_button,android.widget.ImageView
com.fullsix.android.labanquepostale.accountaccess,com.fullsix.android.labanquepostale.accountaccess.activities.BeneficiariesActivity,Text contrast,"[147,505][879,568]",android.widget.TextView
com.fullsix.android.labanquepostale.accountaccess,com.fullsix.android.labanquepostale.accountaccess.activities.CardDetailsActivity,Text contrast,"[147,505][879,568]",android.widget.TextView
com.fullsix.android.labanquepostale.accountaccess,com.fullsix.android.labanquepostale.accountaccess.activities.LoansActivity,Text contrast,"[147,505][879,568]",android.widget.TextView
com.fullsix.android.labanquepostale.accountaccess,com.fullsix.android.labanquepostale.accountaccess.activities.TransfersListActivity,Text contrast,android:id/button1,android.widget.Button
com.fullsix.android.labanquepostale.accountaccess,com.fullsix.android.labanquepostale.accountaccess.activities.MoreInfosActivity,Text contrast,"[147,505][879,568]",android.widget.TextView
com.fullsix.android.labanquepostale.accountaccess,com.fullsix.android.labanquepostale.accountaccess.activities.HomeActivity,Text contrast,"[147,505][879,568]",android.widget.TextView
com.fullsix.android.labanquepostale.accountaccess,com.fullsix.android.labanquepostale.accountaccess.activities.AccountsListActivity,Text contrast,"[147,505][879,568]",android.widget.TextView
com.fullsix.android.labanquepostale.accountaccess,com.fullsix.android.labanquepostale.accountaccess.activities.RejectedOperationsActivity,Text contrast,"[147,505][879,568]",android.widget.TextView
com.fullsix.android.labanquepostale.accountaccess,com.fullsix.android.labanquepostale.accountaccess.activities.IncomingOperationsActivity,Text contrast,"[147,505][879,568]",android.widget.TextView
com.fullsix.android.labanquepostale.accountaccess,com.fullsix.android.labanquepostale.accountaccess.activities.EmergencyServicesActivity,Text contrast,"[171,472][908,511]",android.widget.TextView
com.fullsix.android.labanquepostale.accountaccess,com.fullsix.android.labanquepostale.accountaccess.activities.EmergencyServicesActivity,Text contrast,com.fullsix.android.labanquepostale.accountaccess:id/credit_card_call_france_button,android.widget.Button
com.fullsix.android.labanquepostale.accountaccess,com.fullsix.android.labanquepostale.accountaccess.activities.EmergencyServicesActivity,Text contrast,com.fullsix.android.labanquepostale.accountaccess:id/credit_card_call_foreign_button,android.widget.Button
com.fullsix.android.labanquepostale.accountaccess,com.fullsix.android.labanquepostale.accountaccess.activities.CardsActivity,Text contrast,"[147,505][879,568]",android.widget.TextView
jp.co.mobileit.invastFX24,jp.co.mobileit.invastFX24.invastFX24,Text contrast,android:id/button1,android.widget.Button
tac.english.thai,tac.english.thai.HomePage,Text contrast,android:id/action_bar_title,android.widget.TextView
tac.english.thai,tac.english.thai.HomePage,Text contrast,tac.english.thai:id/lan2,android.widget.Button
tac.english.thai,tac.english.thai.HomePage,Text contrast,tac.english.thai:id/inputEditText,android.widget.EditText
br.com.radiofm91.fm91,br.com.radiofm91.fm91.webapp,Text contrast,android:id/title,android.widget.TextView
pnru.reginfo,pnru.reginfoapp.MainActivity,Text contrast,pnru.reginfoapp:id/textView1,android.widget.TextView
pnru.reginfo,pnru.reginfoapp.MainActivity,Text contrast,pnru.reginfoapp:id/textView5,android.widget.TextView
pnru.reginfo,pnru.reginfoapp.MainActivity,Text contrast,pnru.reginfoapp:id/btnLogin,android.widget.Button
pnru.reginfo,pnru.reginfoapp.MainActivity,Text contrast,pnru.reginfoapp:id/textView3,android.widget.TextView
pnru.reginfo,pnru.reginfoapp.MainActivity,Text contrast,pnru.reginfoapp:id/textView4,android.widget.TextView
pnru.reginfo,pnru.reginfoapp.PassCodeActivity,Text contrast,pnru.reginfoapp:id/textView1,android.widget.TextView
pnru.reginfo,pnru.reginfoapp.PassCodeActivity,Text contrast,pnru.reginfoapp:id/textView5,android.widget.TextView
pnru.reginfo,pnru.reginfoapp.PassCodeActivity,Text contrast,pnru.reginfoapp:id/btnLogin,android.widget.Button
pnru.reginfo,pnru.reginfoapp.PassCodeActivity,Text contrast,pnru.reginfoapp:id/textView3,android.widget.TextView
pnru.reginfo,pnru.reginfoapp.PassCodeActivity,Text contrast,pnru.reginfoapp:id/textView4,android.widget.TextView
co.lovesters.twobytwo,co.lovesters.twobytwo.GameActivity,Text contrast,android:id/alertTitle,android.widget.TextView
com.jacwares.stuffer.minitoolkitfree,com.jacwares.stuffer.minitoolkitfree.MainActivity,Image contrast,com.jacwares.stuffer.minitoolkitfree:id/main_icon,android.widget.ImageView
com.jacwares.stuffer.minitoolkitfree,com.jacwares.stuffer.minitoolkitfree.MainActivity,Image contrast,com.jacwares.stuffer.minitoolkitfree:id/app_icon,android.widget.ImageView
com.jacwares.stuffer.minitoolkitfree,com.jacwares.stuffer.minitoolkitfree.MainActivity,Image contrast,com.jacwares.stuffer.minitoolkitfree:id/app_kill_button,android.widget.ImageView
com.jacwares.stuffer.minitoolkitfree,com.jacwares.stuffer.minitoolkitfree.MainActivity,Text contrast,com.jacwares.stuffer.minitoolkitfree:id/killer_search_text,android.widget.EditText
an.TurkTranslate,an.TurkTranslate.FactorialX,Text contrast,android:id/title,android.widget.TextView
com.enclase.formulacionquimcalite,com.enclase.formulacionquimcalite.MainActivity,Image contrast,com.enclase.formulacionquimcalite:id/imageButton2,android.widget.ImageButton
jp.mapp.zescape3,jp.mapp.zescape3.ZEscape3,Text contrast,"[36,1597][217,1781]",
jp.mapp.zescape3,jp.mapp.zescape3.ZEscape3,Text contrast,"[243,1597][424,1781]",
jp.mapp.zescape3,jp.mapp.zescape3.ZEscape3,Text contrast,"[657,1597][838,1781]",
jp.mapp.zescape3,jp.mapp.zescape3.ZEscape3,Text contrast,"[864,1597][1045,1781]",
com.clinicaloptions.android.inpractice.oncology,com.clinicaloptions.inpractice.activities.SplashActivity,Text contrast,com.clinicaloptions.android.inpractice.oncology:id/usernameEdit,android.widget.EditText
com.clinicaloptions.android.inpractice.oncology,com.clinicaloptions.inpractice.activities.SplashActivity,Text contrast,com.clinicaloptions.android.inpractice.oncology:id/forgotPasswordText,android.widget.TextView
com.clinicaloptions.android.inpractice.oncology,com.clinicaloptions.inpractice.activities.SplashActivity,Text contrast,com.clinicaloptions.android.inpractice.oncology:id/loginButton,android.widget.Button
com.clinicaloptions.android.inpractice.oncology,com.clinicaloptions.inpractice.activities.SplashActivity,Text contrast,com.clinicaloptions.android.inpractice.oncology:id/notRegisteredText,android.widget.TextView
com.clinicaloptions.android.inpractice.oncology,com.clinicaloptions.inpractice.activities.LoginActivity,Text contrast,com.clinicaloptions.android.inpractice.oncology:id/usernameEdit,android.widget.EditText
com.clinicaloptions.android.inpractice.oncology,com.clinicaloptions.inpractice.activities.LoginActivity,Text contrast,com.clinicaloptions.android.inpractice.oncology:id/forgotPasswordText,android.widget.TextView
com.clinicaloptions.android.inpractice.oncology,com.clinicaloptions.inpractice.activities.LoginActivity,Text contrast,com.clinicaloptions.android.inpractice.oncology:id/loginButton,android.widget.Button
com.clinicaloptions.android.inpractice.oncology,com.clinicaloptions.inpractice.activities.LoginActivity,Text contrast,com.clinicaloptions.android.inpractice.oncology:id/notRegisteredText,android.widget.TextView
com.lpportal.lpmagazine,com.lpportal.lpmagazine.SplashScreen,Image contrast,com.lpportal.lpmagazine:id/section_sponsor_image,
com.shivashivam.photoeditorlab,com.shivashivam.photoeditorlab.mainmenu.negative.NegativeScreen,Text contrast,"[36,1597][217,1781]",android.widget.TextView
com.shivashivam.photoeditorlab,com.shivashivam.photoeditorlab.mainmenu.negative.NegativeScreen,Text contrast,"[243,1597][424,1781]",android.widget.TextView
com.shivashivam.photoeditorlab,com.shivashivam.photoeditorlab.mainmenu.negative.NegativeScreen,Text contrast,"[657,1597][838,1781]",android.widget.TextView
com.shivashivam.photoeditorlab,com.shivashivam.photoeditorlab.mainmenu.negative.NegativeScreen,Text contrast,"[864,1597][1045,1781]",android.widget.TextView
com.shivashivam.photoeditorlab,com.shivashivam.photoeditorlab.cropthirdparty.CropImage,Text contrast,"[36,1597][217,1781]",android.widget.TextView
com.shivashivam.photoeditorlab,com.shivashivam.photoeditorlab.cropthirdparty.CropImage,Text contrast,"[243,1597][424,1781]",android.widget.TextView
com.shivashivam.photoeditorlab,com.shivashivam.photoeditorlab.cropthirdparty.CropImage,Text contrast,"[657,1597][838,1781]",android.widget.TextView
com.shivashivam.photoeditorlab,com.shivashivam.photoeditorlab.cropthirdparty.CropImage,Text contrast,"[864,1597][1045,1781]",android.widget.TextView
org.coopersoft.elcalcfree,org.coopersoft.elcalcfree.Supply,Text contrast,android:id/title,android.widget.TextView
org.coopersoft.elcalcfree,org.coopersoft.elcalcfree.Help,Text contrast,android:id/title,android.widget.TextView
org.coopersoft.elcalcfree,org.coopersoft.elcalcfree.Main,Text contrast,android:id/title,android.widget.TextView
com.ADLS.steamproperty,com.ADLS.steamproperty.SteamPropertyActivity,Text contrast,com.ADLS.steamproperty:id/clearable_edit,android.widget.EditText
com.ADLS.steamproperty,com.ADLS.steamproperty.SteamPropertyActivity,Text contrast,com.ADLS.steamproperty:id/calculate,android.widget.Button
com.ADLS.steamproperty,com.ADLS.steamproperty.SteamPropertyActivity,Text contrast,"[321,1122][386,1212]",android.widget.TextView
com.ADLS.steamproperty,com.ADLS.steamproperty.SteamPropertyActivity,Image contrast,"[932,63][1080,189]",android.widget.ImageButton
com.ADLS.steamproperty,com.ADLS.steamproperty.SplashScreen,Text contrast,com.ADLS.steamproperty:id/clearable_edit,android.widget.EditText
com.ADLS.steamproperty,com.ADLS.steamproperty.SplashScreen,Text contrast,com.ADLS.steamproperty:id/calculate,android.widget.Button
com.ADLS.steamproperty,com.ADLS.steamproperty.SplashScreen,Text contrast,"[321,1122][386,1212]",android.widget.TextView
com.ADLS.steamproperty,com.ADLS.steamproperty.SplashScreen,Image contrast,"[932,63][1080,189]",android.widget.ImageButton
com.apusapps.theme.i_purple_flower_4e40c727b0,com.apusapps.theme.ui.ThemeMainActivity,Text contrast,com.apusapps.theme.i_purple_flower_4e40c727b0:id/apply_theme,android.widget.Button
com.apusapps.theme.i_purple_flower_4e40c727b0,com.apusapps.theme.ui.LauncherIntroductionActivity,Text contrast,com.apusapps.theme.i_purple_flower_4e40c727b0:id/m_launcher_introduction_btn_install,android.widget.Button
jp.co.hateblo.bomberhead_lab.e_alcohol_calendar2,jp.co.hateblo.bomberhead_lab.e_alcohol_calendar2.EventCalendarActivity,Text contrast,jp.co.hateblo.bomberhead_lab.e_alcohol_calendar2:id/Sunday,android.widget.TextView
jp.co.hateblo.bomberhead_lab.e_alcohol_calendar2,jp.co.hateblo.bomberhead_lab.e_alcohol_calendar2.EventCalendarActivity,Text contrast,jp.co.hateblo.bomberhead_lab.e_alcohol_calendar2:id/dayOfMonth,android.widget.TextView
jp.co.hateblo.bomberhead_lab.e_alcohol_calendar2,jp.co.hateblo.bomberhead_lab.e_alcohol_calendar2.EventCalendarActivity,Text contrast,jp.co.hateblo.bomberhead_lab.e_alcohol_calendar2:id/schedule,android.widget.TextView
jp.co.hateblo.bomberhead_lab.e_alcohol_calendar2,jp.co.hateblo.bomberhead_lab.e_alcohol_calendar2.EventCalendarActivity,Text contrast,jp.co.hateblo.bomberhead_lab.e_alcohol_calendar2:id/schedule,android.widget.TextView
jp.co.hateblo.bomberhead_lab.e_alcohol_calendar2,jp.co.hateblo.bomberhead_lab.e_alcohol_calendar2.EventCalendarActivity,Text contrast,jp.co.hateblo.bomberhead_lab.e_alcohol_calendar2:id/schedule,android.widget.TextView
jp.co.hateblo.bomberhead_lab.e_alcohol_calendar2,jp.co.hateblo.bomberhead_lab.e_alcohol_calendar2.EventCalendarActivity,Text contrast,jp.co.hateblo.bomberhead_lab.e_alcohol_calendar2:id/schedule,android.widget.TextView
jp.co.hateblo.bomberhead_lab.e_alcohol_calendar2,jp.co.hateblo.bomberhead_lab.e_alcohol_calendar2.EventCalendarActivity,Text contrast,jp.co.hateblo.bomberhead_lab.e_alcohol_calendar2:id/schedule,android.widget.TextView
jp.co.hateblo.bomberhead_lab.e_alcohol_calendar2,jp.co.hateblo.bomberhead_lab.e_alcohol_calendar2.EventCalendarActivity,Text contrast,jp.co.hateblo.bomberhead_lab.e_alcohol_calendar2:id/schedule,android.widget.TextView
jp.co.hateblo.bomberhead_lab.e_alcohol_calendar2,jp.co.hateblo.bomberhead_lab.e_alcohol_calendar2.EventCalendarActivity,Text contrast,jp.co.hateblo.bomberhead_lab.e_alcohol_calendar2:id/dayOfMonth,android.widget.TextView
jp.co.hateblo.bomberhead_lab.e_alcohol_calendar2,jp.co.hateblo.bomberhead_lab.e_alcohol_calendar2.EventCalendarActivity,Text contrast,jp.co.hateblo.bomberhead_lab.e_alcohol_calendar2:id/schedule,android.widget.TextView
jp.co.hateblo.bomberhead_lab.e_alcohol_calendar2,jp.co.hateblo.bomberhead_lab.e_alcohol_calendar2.EventCalendarActivity,Text contrast,jp.co.hateblo.bomberhead_lab.e_alcohol_calendar2:id/dayOfMonth,android.widget.TextView
jp.co.hateblo.bomberhead_lab.e_alcohol_calendar2,jp.co.hateblo.bomberhead_lab.e_alcohol_calendar2.EventCalendarActivity,Text contrast,jp.co.hateblo.bomberhead_lab.e_alcohol_calendar2:id/schedule,android.widget.TextView
jp.co.hateblo.bomberhead_lab.e_alcohol_calendar2,jp.co.hateblo.bomberhead_lab.e_alcohol_calendar2.EventCalendarActivity,Text contrast,jp.co.hateblo.bomberhead_lab.e_alcohol_calendar2:id/schedule,android.widget.TextView
jp.co.hateblo.bomberhead_lab.e_alcohol_calendar2,jp.co.hateblo.bomberhead_lab.e_alcohol_calendar2.EventCalendarActivity,Text contrast,jp.co.hateblo.bomberhead_lab.e_alcohol_calendar2:id/schedule,android.widget.TextView
jp.co.hateblo.bomberhead_lab.e_alcohol_calendar2,jp.co.hateblo.bomberhead_lab.e_alcohol_calendar2.EventCalendarActivity,Text contrast,jp.co.hateblo.bomberhead_lab.e_alcohol_calendar2:id/schedule,android.widget.TextView
jp.co.hateblo.bomberhead_lab.e_alcohol_calendar2,jp.co.hateblo.bomberhead_lab.e_alcohol_calendar2.EventCalendarActivity,Text contrast,jp.co.hateblo.bomberhead_lab.e_alcohol_calendar2:id/schedule,android.widget.TextView
jp.co.hateblo.bomberhead_lab.e_alcohol_calendar2,jp.co.hateblo.bomberhead_lab.e_alcohol_calendar2.EventCalendarActivity,Text contrast,jp.co.hateblo.bomberhead_lab.e_alcohol_calendar2:id/schedule,android.widget.TextView
jp.co.hateblo.bomberhead_lab.e_alcohol_calendar2,jp.co.hateblo.bomberhead_lab.e_alcohol_calendar2.EventCalendarActivity,Text contrast,jp.co.hateblo.bomberhead_lab.e_alcohol_calendar2:id/dayOfMonth,android.widget.TextView
jp.co.hateblo.bomberhead_lab.e_alcohol_calendar2,jp.co.hateblo.bomberhead_lab.e_alcohol_calendar2.EventCalendarActivity,Text contrast,jp.co.hateblo.bomberhead_lab.e_alcohol_calendar2:id/schedule,android.widget.TextView
jp.co.hateblo.bomberhead_lab.e_alcohol_calendar2,jp.co.hateblo.bomberhead_lab.e_alcohol_calendar2.EventCalendarActivity,Text contrast,jp.co.hateblo.bomberhead_lab.e_alcohol_calendar2:id/dayOfMonth,android.widget.TextView
jp.co.hateblo.bomberhead_lab.e_alcohol_calendar2,jp.co.hateblo.bomberhead_lab.e_alcohol_calendar2.EventCalendarActivity,Text contrast,jp.co.hateblo.bomberhead_lab.e_alcohol_calendar2:id/schedule,android.widget.TextView
jp.co.hateblo.bomberhead_lab.e_alcohol_calendar2,jp.co.hateblo.bomberhead_lab.e_alcohol_calendar2.EventCalendarActivity,Text contrast,jp.co.hateblo.bomberhead_lab.e_alcohol_calendar2:id/schedule,android.widget.TextView
jp.co.hateblo.bomberhead_lab.e_alcohol_calendar2,jp.co.hateblo.bomberhead_lab.e_alcohol_calendar2.EventCalendarActivity,Text contrast,jp.co.hateblo.bomberhead_lab.e_alcohol_calendar2:id/schedule,android.widget.TextView
jp.co.hateblo.bomberhead_lab.e_alcohol_calendar2,jp.co.hateblo.bomberhead_lab.e_alcohol_calendar2.EventCalendarActivity,Text contrast,jp.co.hateblo.bomberhead_lab.e_alcohol_calendar2:id/schedule,android.widget.TextView
jp.co.hateblo.bomberhead_lab.e_alcohol_calendar2,jp.co.hateblo.bomberhead_lab.e_alcohol_calendar2.EventCalendarActivity,Text contrast,jp.co.hateblo.bomberhead_lab.e_alcohol_calendar2:id/schedule,android.widget.TextView
jp.co.hateblo.bomberhead_lab.e_alcohol_calendar2,jp.co.hateblo.bomberhead_lab.e_alcohol_calendar2.EventCalendarActivity,Text contrast,jp.co.hateblo.bomberhead_lab.e_alcohol_calendar2:id/schedule,android.widget.TextView
jp.co.hateblo.bomberhead_lab.e_alcohol_calendar2,jp.co.hateblo.bomberhead_lab.e_alcohol_calendar2.EventCalendarActivity,Text contrast,jp.co.hateblo.bomberhead_lab.e_alcohol_calendar2:id/dayOfMonth,android.widget.TextView
jp.co.hateblo.bomberhead_lab.e_alcohol_calendar2,jp.co.hateblo.bomberhead_lab.e_alcohol_calendar2.EventCalendarActivity,Text contrast,jp.co.hateblo.bomberhead_lab.e_alcohol_calendar2:id/schedule,android.widget.TextView
jp.co.hateblo.bomberhead_lab.e_alcohol_calendar2,jp.co.hateblo.bomberhead_lab.e_alcohol_calendar2.EventCalendarActivity,Text contrast,jp.co.hateblo.bomberhead_lab.e_alcohol_calendar2:id/dayOfMonth,android.widget.TextView
jp.co.hateblo.bomberhead_lab.e_alcohol_calendar2,jp.co.hateblo.bomberhead_lab.e_alcohol_calendar2.EventCalendarActivity,Text contrast,jp.co.hateblo.bomberhead_lab.e_alcohol_calendar2:id/schedule,android.widget.TextView
jp.co.hateblo.bomberhead_lab.e_alcohol_calendar2,jp.co.hateblo.bomberhead_lab.e_alcohol_calendar2.EventCalendarActivity,Text contrast,jp.co.hateblo.bomberhead_lab.e_alcohol_calendar2:id/schedule,android.widget.TextView
jp.co.hateblo.bomberhead_lab.e_alcohol_calendar2,jp.co.hateblo.bomberhead_lab.e_alcohol_calendar2.EventCalendarActivity,Text contrast,jp.co.hateblo.bomberhead_lab.e_alcohol_calendar2:id/schedule,android.widget.TextView
jp.co.hateblo.bomberhead_lab.e_alcohol_calendar2,jp.co.hateblo.bomberhead_lab.e_alcohol_calendar2.EventCalendarActivity,Text contrast,jp.co.hateblo.bomberhead_lab.e_alcohol_calendar2:id/schedule,android.widget.TextView
jp.co.hateblo.bomberhead_lab.e_alcohol_calendar2,jp.co.hateblo.bomberhead_lab.e_alcohol_calendar2.EventCalendarActivity,Text contrast,jp.co.hateblo.bomberhead_lab.e_alcohol_calendar2:id/schedule,android.widget.TextView
jp.co.hateblo.bomberhead_lab.e_alcohol_calendar2,jp.co.hateblo.bomberhead_lab.e_alcohol_calendar2.EventCalendarActivity,Text contrast,jp.co.hateblo.bomberhead_lab.e_alcohol_calendar2:id/schedule,android.widget.TextView
jp.co.hateblo.bomberhead_lab.e_alcohol_calendar2,jp.co.hateblo.bomberhead_lab.e_alcohol_calendar2.EventCalendarActivity,Text contrast,jp.co.hateblo.bomberhead_lab.e_alcohol_calendar2:id/dayOfMonth,android.widget.TextView
jp.co.hateblo.bomberhead_lab.e_alcohol_calendar2,jp.co.hateblo.bomberhead_lab.e_alcohol_calendar2.EventCalendarActivity,Text contrast,jp.co.hateblo.bomberhead_lab.e_alcohol_calendar2:id/schedule,android.widget.TextView
jp.co.hateblo.bomberhead_lab.e_alcohol_calendar2,jp.co.hateblo.bomberhead_lab.e_alcohol_calendar2.EventCalendarActivity,Text contrast,jp.co.hateblo.bomberhead_lab.e_alcohol_calendar2:id/dayOfMonth,android.widget.TextView
jp.co.hateblo.bomberhead_lab.e_alcohol_calendar2,jp.co.hateblo.bomberhead_lab.e_alcohol_calendar2.EventCalendarActivity,Text contrast,jp.co.hateblo.bomberhead_lab.e_alcohol_calendar2:id/schedule,android.widget.TextView
jp.co.hateblo.bomberhead_lab.e_alcohol_calendar2,jp.co.hateblo.bomberhead_lab.e_alcohol_calendar2.EventCalendarActivity,Text contrast,jp.co.hateblo.bomberhead_lab.e_alcohol_calendar2:id/schedule,android.widget.TextView
jp.co.hateblo.bomberhead_lab.e_alcohol_calendar2,jp.co.hateblo.bomberhead_lab.e_alcohol_calendar2.EventCalendarActivity,Text contrast,jp.co.hateblo.bomberhead_lab.e_alcohol_calendar2:id/schedule,android.widget.TextView
jp.co.hateblo.bomberhead_lab.e_alcohol_calendar2,jp.co.hateblo.bomberhead_lab.e_alcohol_calendar2.EventCalendarActivity,Text contrast,jp.co.hateblo.bomberhead_lab.e_alcohol_calendar2:id/schedule,android.widget.TextView
jp.co.hateblo.bomberhead_lab.e_alcohol_calendar2,jp.co.hateblo.bomberhead_lab.e_alcohol_calendar2.EventCalendarActivity,Text contrast,jp.co.hateblo.bomberhead_lab.e_alcohol_calendar2:id/schedule,android.widget.TextView
jp.co.hateblo.bomberhead_lab.e_alcohol_calendar2,jp.co.hateblo.bomberhead_lab.e_alcohol_calendar2.EventCalendarActivity,Text contrast,jp.co.hateblo.bomberhead_lab.e_alcohol_calendar2:id/schedule,android.widget.TextView
jp.co.hateblo.bomberhead_lab.e_alcohol_calendar2,jp.co.hateblo.bomberhead_lab.e_alcohol_calendar2.EventCalendarActivity,Text contrast,jp.co.hateblo.bomberhead_lab.e_alcohol_calendar2:id/dayOfMonth,android.widget.TextView
jp.co.hateblo.bomberhead_lab.e_alcohol_calendar2,jp.co.hateblo.bomberhead_lab.e_alcohol_calendar2.EventCalendarActivity,Text contrast,jp.co.hateblo.bomberhead_lab.e_alcohol_calendar2:id/schedule,android.widget.TextView
jp.co.hateblo.bomberhead_lab.e_alcohol_calendar2,jp.co.hateblo.bomberhead_lab.e_alcohol_calendar2.EventCalendarActivity,Text contrast,jp.co.hateblo.bomberhead_lab.e_alcohol_calendar2:id/dayOfMonth,android.widget.TextView
jp.co.hateblo.bomberhead_lab.e_alcohol_calendar2,jp.co.hateblo.bomberhead_lab.e_alcohol_calendar2.EventCalendarActivity,Text contrast,jp.co.hateblo.bomberhead_lab.e_alcohol_calendar2:id/schedule,android.widget.TextView
jp.co.hateblo.bomberhead_lab.e_alcohol_calendar2,jp.co.hateblo.bomberhead_lab.e_alcohol_calendar2.EventCalendarActivity,Text contrast,jp.co.hateblo.bomberhead_lab.e_alcohol_calendar2:id/schedule,android.widget.TextView
jp.co.hateblo.bomberhead_lab.e_alcohol_calendar2,jp.co.hateblo.bomberhead_lab.e_alcohol_calendar2.EventCalendarActivity,Text contrast,jp.co.hateblo.bomberhead_lab.e_alcohol_calendar2:id/schedule,android.widget.TextView
jp.co.hateblo.bomberhead_lab.e_alcohol_calendar2,jp.co.hateblo.bomberhead_lab.e_alcohol_calendar2.EventCalendarActivity,Text contrast,jp.co.hateblo.bomberhead_lab.e_alcohol_calendar2:id/schedule,android.widget.TextView
jp.co.hateblo.bomberhead_lab.e_alcohol_calendar2,jp.co.hateblo.bomberhead_lab.e_alcohol_calendar2.EventCalendarActivity,Text contrast,jp.co.hateblo.bomberhead_lab.e_alcohol_calendar2:id/schedule,android.widget.TextView
jp.co.hateblo.bomberhead_lab.e_alcohol_calendar2,jp.co.hateblo.bomberhead_lab.e_alcohol_calendar2.EventCalendarActivity,Text contrast,jp.co.hateblo.bomberhead_lab.e_alcohol_calendar2:id/schedule,android.widget.TextView
jp.co.hateblo.bomberhead_lab.e_alcohol_calendar2,jp.co.hateblo.bomberhead_lab.e_alcohol_calendar2.EventCalendarActivity,Text contrast,jp.co.hateblo.bomberhead_lab.e_alcohol_calendar2:id/dayOfMonth,android.widget.TextView
jp.co.hateblo.bomberhead_lab.e_alcohol_calendar2,jp.co.hateblo.bomberhead_lab.e_alcohol_calendar2.EventCalendarActivity,Text contrast,jp.co.hateblo.bomberhead_lab.e_alcohol_calendar2:id/schedule,android.widget.TextView
jp.co.hateblo.bomberhead_lab.e_alcohol_calendar2,jp.co.hateblo.bomberhead_lab.e_alcohol_calendar2.EventCalendarActivity,Text contrast,jp.co.hateblo.bomberhead_lab.e_alcohol_calendar2:id/yearMonth,android.widget.TextView
jp.co.hateblo.bomberhead_lab.e_alcohol_calendar2,jp.co.hateblo.bomberhead_lab.e_alcohol_calendar2.EventCalendarActivity,Text contrast,jp.co.hateblo.bomberhead_lab.e_alcohol_calendar2:id/Monday,android.widget.TextView
jp.co.hateblo.bomberhead_lab.e_alcohol_calendar2,jp.co.hateblo.bomberhead_lab.e_alcohol_calendar2.EventCalendarActivity,Text contrast,jp.co.hateblo.bomberhead_lab.e_alcohol_calendar2:id/Tuesday,android.widget.TextView
jp.co.hateblo.bomberhead_lab.e_alcohol_calendar2,jp.co.hateblo.bomberhead_lab.e_alcohol_calendar2.EventCalendarActivity,Text contrast,jp.co.hateblo.bomberhead_lab.e_alcohol_calendar2:id/Wednesday,android.widget.TextView
jp.co.hateblo.bomberhead_lab.e_alcohol_calendar2,jp.co.hateblo.bomberhead_lab.e_alcohol_calendar2.EventCalendarActivity,Text contrast,jp.co.hateblo.bomberhead_lab.e_alcohol_calendar2:id/Thursday,android.widget.TextView
jp.co.hateblo.bomberhead_lab.e_alcohol_calendar2,jp.co.hateblo.bomberhead_lab.e_alcohol_calendar2.EventCalendarActivity,Text contrast,jp.co.hateblo.bomberhead_lab.e_alcohol_calendar2:id/Friday,android.widget.TextView
jp.co.hateblo.bomberhead_lab.e_alcohol_calendar2,jp.co.hateblo.bomberhead_lab.e_alcohol_calendar2.EventCalendarActivity,Text contrast,jp.co.hateblo.bomberhead_lab.e_alcohol_calendar2:id/dayOfMonth,android.widget.TextView
jp.co.hateblo.bomberhead_lab.e_alcohol_calendar2,jp.co.hateblo.bomberhead_lab.e_alcohol_calendar2.EventCalendarActivity,Text contrast,jp.co.hateblo.bomberhead_lab.e_alcohol_calendar2:id/dayOfMonth,android.widget.TextView
jp.co.hateblo.bomberhead_lab.e_alcohol_calendar2,jp.co.hateblo.bomberhead_lab.e_alcohol_calendar2.EventCalendarActivity,Text contrast,jp.co.hateblo.bomberhead_lab.e_alcohol_calendar2:id/dayOfMonth,android.widget.TextView
jp.co.hateblo.bomberhead_lab.e_alcohol_calendar2,jp.co.hateblo.bomberhead_lab.e_alcohol_calendar2.EventCalendarActivity,Text contrast,jp.co.hateblo.bomberhead_lab.e_alcohol_calendar2:id/dayOfMonth,android.widget.TextView
jp.co.hateblo.bomberhead_lab.e_alcohol_calendar2,jp.co.hateblo.bomberhead_lab.e_alcohol_calendar2.EventCalendarActivity,Text contrast,jp.co.hateblo.bomberhead_lab.e_alcohol_calendar2:id/dayOfMonth,android.widget.TextView
jp.co.hateblo.bomberhead_lab.e_alcohol_calendar2,jp.co.hateblo.bomberhead_lab.e_alcohol_calendar2.EventCalendarActivity,Text contrast,jp.co.hateblo.bomberhead_lab.e_alcohol_calendar2:id/dayOfMonth,android.widget.TextView
jp.co.hateblo.bomberhead_lab.e_alcohol_calendar2,jp.co.hateblo.bomberhead_lab.e_alcohol_calendar2.EventCalendarActivity,Text contrast,jp.co.hateblo.bomberhead_lab.e_alcohol_calendar2:id/dayOfMonth,android.widget.TextView
jp.co.hateblo.bomberhead_lab.e_alcohol_calendar2,jp.co.hateblo.bomberhead_lab.e_alcohol_calendar2.EventCalendarActivity,Text contrast,jp.co.hateblo.bomberhead_lab.e_alcohol_calendar2:id/dayOfMonth,android.widget.TextView
jp.co.hateblo.bomberhead_lab.e_alcohol_calendar2,jp.co.hateblo.bomberhead_lab.e_alcohol_calendar2.EventCalendarActivity,Text contrast,jp.co.hateblo.bomberhead_lab.e_alcohol_calendar2:id/dayOfMonth,android.widget.TextView
jp.co.hateblo.bomberhead_lab.e_alcohol_calendar2,jp.co.hateblo.bomberhead_lab.e_alcohol_calendar2.EventCalendarActivity,Text contrast,jp.co.hateblo.bomberhead_lab.e_alcohol_calendar2:id/dayOfMonth,android.widget.TextView
jp.co.hateblo.bomberhead_lab.e_alcohol_calendar2,jp.co.hateblo.bomberhead_lab.e_alcohol_calendar2.EventCalendarActivity,Text contrast,jp.co.hateblo.bomberhead_lab.e_alcohol_calendar2:id/dayOfMonth,android.widget.TextView
jp.co.hateblo.bomberhead_lab.e_alcohol_calendar2,jp.co.hateblo.bomberhead_lab.e_alcohol_calendar2.EventCalendarActivity,Text contrast,jp.co.hateblo.bomberhead_lab.e_alcohol_calendar2:id/dayOfMonth,android.widget.TextView
jp.co.hateblo.bomberhead_lab.e_alcohol_calendar2,jp.co.hateblo.bomberhead_lab.e_alcohol_calendar2.EventCalendarActivity,Text contrast,jp.co.hateblo.bomberhead_lab.e_alcohol_calendar2:id/dayOfMonth,android.widget.TextView
jp.co.hateblo.bomberhead_lab.e_alcohol_calendar2,jp.co.hateblo.bomberhead_lab.e_alcohol_calendar2.EventCalendarActivity,Text contrast,jp.co.hateblo.bomberhead_lab.e_alcohol_calendar2:id/dayOfMonth,android.widget.TextView
jp.co.hateblo.bomberhead_lab.e_alcohol_calendar2,jp.co.hateblo.bomberhead_lab.e_alcohol_calendar2.EventCalendarActivity,Text contrast,jp.co.hateblo.bomberhead_lab.e_alcohol_calendar2:id/dayOfMonth,android.widget.TextView
jp.co.hateblo.bomberhead_lab.e_alcohol_calendar2,jp.co.hateblo.bomberhead_lab.e_alcohol_calendar2.EventCalendarActivity,Text contrast,jp.co.hateblo.bomberhead_lab.e_alcohol_calendar2:id/dayOfMonth,android.widget.TextView
jp.co.hateblo.bomberhead_lab.e_alcohol_calendar2,jp.co.hateblo.bomberhead_lab.e_alcohol_calendar2.EventCalendarActivity,Text contrast,jp.co.hateblo.bomberhead_lab.e_alcohol_calendar2:id/dayOfMonth,android.widget.TextView
jp.co.hateblo.bomberhead_lab.e_alcohol_calendar2,jp.co.hateblo.bomberhead_lab.e_alcohol_calendar2.EventCalendarActivity,Text contrast,jp.co.hateblo.bomberhead_lab.e_alcohol_calendar2:id/dayOfMonth,android.widget.TextView
jp.co.hateblo.bomberhead_lab.e_alcohol_calendar2,jp.co.hateblo.bomberhead_lab.e_alcohol_calendar2.EventCalendarActivity,Text contrast,jp.co.hateblo.bomberhead_lab.e_alcohol_calendar2:id/dayOfMonth,android.widget.TextView
jp.co.hateblo.bomberhead_lab.e_alcohol_calendar2,jp.co.hateblo.bomberhead_lab.e_alcohol_calendar2.EventCalendarActivity,Text contrast,jp.co.hateblo.bomberhead_lab.e_alcohol_calendar2:id/dayOfMonth,android.widget.TextView
jp.co.hateblo.bomberhead_lab.e_alcohol_calendar2,jp.co.hateblo.bomberhead_lab.e_alcohol_calendar2.EventCalendarActivity,Text contrast,jp.co.hateblo.bomberhead_lab.e_alcohol_calendar2:id/dayOfMonth,android.widget.TextView
jp.co.hateblo.bomberhead_lab.e_alcohol_calendar2,jp.co.hateblo.bomberhead_lab.e_alcohol_calendar2.EventCalendarActivity,Text contrast,jp.co.hateblo.bomberhead_lab.e_alcohol_calendar2:id/dayOfMonth,android.widget.TextView
jp.co.hateblo.bomberhead_lab.e_alcohol_calendar2,jp.co.hateblo.bomberhead_lab.e_alcohol_calendar2.EventCalendarActivity,Text contrast,jp.co.hateblo.bomberhead_lab.e_alcohol_calendar2:id/dayOfMonth,android.widget.TextView
jp.co.hateblo.bomberhead_lab.e_alcohol_calendar2,jp.co.hateblo.bomberhead_lab.e_alcohol_calendar2.EventCalendarActivity,Text contrast,jp.co.hateblo.bomberhead_lab.e_alcohol_calendar2:id/dayOfMonth,android.widget.TextView
jp.co.hateblo.bomberhead_lab.e_alcohol_calendar2,jp.co.hateblo.bomberhead_lab.e_alcohol_calendar2.EventCalendarActivity,Text contrast,jp.co.hateblo.bomberhead_lab.e_alcohol_calendar2:id/dayOfMonth,android.widget.TextView
jp.co.hateblo.bomberhead_lab.e_alcohol_calendar2,jp.co.hateblo.bomberhead_lab.e_alcohol_calendar2.EventCalendarActivity,Text contrast,jp.co.hateblo.bomberhead_lab.e_alcohol_calendar2:id/dayOfMonth,android.widget.TextView
jp.co.hateblo.bomberhead_lab.e_alcohol_calendar2,jp.co.hateblo.bomberhead_lab.e_alcohol_calendar2.EventCalendarActivity,Text contrast,jp.co.hateblo.bomberhead_lab.e_alcohol_calendar2:id/dayOfMonth,android.widget.TextView
jp.co.hateblo.bomberhead_lab.e_alcohol_calendar2,jp.co.hateblo.bomberhead_lab.e_alcohol_calendar2.EventCalendarActivity,Text contrast,jp.co.hateblo.bomberhead_lab.e_alcohol_calendar2:id/dayOfMonth,android.widget.TextView
jp.co.hateblo.bomberhead_lab.e_alcohol_calendar2,jp.co.hateblo.bomberhead_lab.e_alcohol_calendar2.EventCalendarActivity,Text contrast,jp.co.hateblo.bomberhead_lab.e_alcohol_calendar2:id/dayOfMonth,android.widget.TextView
jp.co.hateblo.bomberhead_lab.e_alcohol_calendar2,jp.co.hateblo.bomberhead_lab.e_alcohol_calendar2.EventCalendarActivity,Text contrast,jp.co.hateblo.bomberhead_lab.e_alcohol_calendar2:id/dayOfMonth,android.widget.TextView
jp.co.hateblo.bomberhead_lab.e_alcohol_calendar2,jp.co.hateblo.bomberhead_lab.e_alcohol_calendar2.Konomama,Text contrast,"[17,335][358,401]",android.widget.TextView
jp.co.hateblo.bomberhead_lab.e_alcohol_calendar2,jp.co.hateblo.bomberhead_lab.e_alcohol_calendar2.Konomama,Text contrast,jp.co.hateblo.bomberhead_lab.e_alcohol_calendar2:id/Text1,android.widget.TextView
jp.co.hateblo.bomberhead_lab.e_alcohol_calendar2,jp.co.hateblo.bomberhead_lab.e_alcohol_calendar2.Konomama,Text contrast,"[659,335][703,401]",android.widget.TextView
jp.co.hateblo.bomberhead_lab.e_alcohol_calendar2,jp.co.hateblo.bomberhead_lab.e_alcohol_calendar2.Konomama,Text contrast,"[17,420][358,486]",android.widget.TextView
jp.co.hateblo.bomberhead_lab.e_alcohol_calendar2,jp.co.hateblo.bomberhead_lab.e_alcohol_calendar2.Konomama,Text contrast,jp.co.hateblo.bomberhead_lab.e_alcohol_calendar2:id/Text2,android.widget.TextView
jp.co.hateblo.bomberhead_lab.e_alcohol_calendar2,jp.co.hateblo.bomberhead_lab.e_alcohol_calendar2.Konomama,Text contrast,"[659,420][703,486]",android.widget.TextView
jp.co.hateblo.bomberhead_lab.e_alcohol_calendar2,jp.co.hateblo.bomberhead_lab.e_alcohol_calendar2.Konomama,Text contrast,"[17,505][358,556]",android.widget.TextView
jp.co.hateblo.bomberhead_lab.e_alcohol_calendar2,jp.co.hateblo.bomberhead_lab.e_alcohol_calendar2.Konomama,Text contrast,jp.co.hateblo.bomberhead_lab.e_alcohol_calendar2:id/Text3,android.widget.TextView
jp.co.hateblo.bomberhead_lab.e_alcohol_calendar2,jp.co.hateblo.bomberhead_lab.e_alcohol_calendar2.Konomama,Text contrast,"[659,505][703,556]",android.widget.TextView
jp.co.hateblo.bomberhead_lab.e_alcohol_calendar2,jp.co.hateblo.bomberhead_lab.e_alcohol_calendar2.Konomama,Text contrast,"[17,590][358,641]",android.widget.TextView
jp.co.hateblo.bomberhead_lab.e_alcohol_calendar2,jp.co.hateblo.bomberhead_lab.e_alcohol_calendar2.Konomama,Text contrast,jp.co.hateblo.bomberhead_lab.e_alcohol_calendar2:id/Text4,android.widget.TextView
jp.co.hateblo.bomberhead_lab.e_alcohol_calendar2,jp.co.hateblo.bomberhead_lab.e_alcohol_calendar2.Konomama,Text contrast,"[659,590][703,641]",android.widget.TextView
jp.co.hateblo.bomberhead_lab.e_alcohol_calendar2,jp.co.hateblo.bomberhead_lab.e_alcohol_calendar2.Konomama,Text contrast,"[17,742][358,793]",android.widget.TextView
jp.co.hateblo.bomberhead_lab.e_alcohol_calendar2,jp.co.hateblo.bomberhead_lab.e_alcohol_calendar2.Konomama,Text contrast,jp.co.hateblo.bomberhead_lab.e_alcohol_calendar2:id/Text5,android.widget.TextView
jp.co.hateblo.bomberhead_lab.e_alcohol_calendar2,jp.co.hateblo.bomberhead_lab.e_alcohol_calendar2.Konomama,Text contrast,"[17,827][358,878]",android.widget.TextView
jp.co.hateblo.bomberhead_lab.e_alcohol_calendar2,jp.co.hateblo.bomberhead_lab.e_alcohol_calendar2.Konomama,Text contrast,jp.co.hateblo.bomberhead_lab.e_alcohol_calendar2:id/Text6,android.widget.TextView
jp.co.hateblo.bomberhead_lab.e_alcohol_calendar2,jp.co.hateblo.bomberhead_lab.e_alcohol_calendar2.Konomama,Text contrast,"[17,912][358,963]",android.widget.TextView
jp.co.hateblo.bomberhead_lab.e_alcohol_calendar2,jp.co.hateblo.bomberhead_lab.e_alcohol_calendar2.Konomama,Text contrast,jp.co.hateblo.bomberhead_lab.e_alcohol_calendar2:id/Text7,android.widget.TextView
jp.co.hateblo.bomberhead_lab.e_alcohol_calendar2,jp.co.hateblo.bomberhead_lab.e_alcohol_calendar2.Kakakuhyou,Text contrast,jp.co.hateblo.bomberhead_lab.e_alcohol_calendar2:id/editText1,android.widget.EditText
jp.co.hateblo.bomberhead_lab.e_alcohol_calendar2,jp.co.hateblo.bomberhead_lab.e_alcohol_calendar2.Kakakuhyou,Text contrast,jp.co.hateblo.bomberhead_lab.e_alcohol_calendar2:id/editText2,android.widget.EditText
jp.co.hateblo.bomberhead_lab.e_alcohol_calendar2,jp.co.hateblo.bomberhead_lab.e_alcohol_calendar2.Kakakuhyou,Text contrast,jp.co.hateblo.bomberhead_lab.e_alcohol_calendar2:id/editText3,android.widget.EditText
jp.co.hateblo.bomberhead_lab.e_alcohol_calendar2,jp.co.hateblo.bomberhead_lab.e_alcohol_calendar2.Kakakuhyou,Text contrast,jp.co.hateblo.bomberhead_lab.e_alcohol_calendar2:id/editText4,android.widget.EditText
jp.co.hateblo.bomberhead_lab.e_alcohol_calendar2,jp.co.hateblo.bomberhead_lab.e_alcohol_calendar2.Kakakuhyou,Text contrast,jp.co.hateblo.bomberhead_lab.e_alcohol_calendar2:id/editText5,android.widget.EditText
jp.co.hateblo.bomberhead_lab.e_alcohol_calendar2,jp.co.hateblo.bomberhead_lab.e_alcohol_calendar2.Kakakuhyou,Text contrast,jp.co.hateblo.bomberhead_lab.e_alcohol_calendar2:id/editText6,android.widget.EditText
jp.co.hateblo.bomberhead_lab.e_alcohol_calendar2,jp.co.hateblo.bomberhead_lab.e_alcohol_calendar2.Kakakuhyou,Text contrast,"[5,1080][399,1146]",android.widget.TextView
jp.co.hateblo.bomberhead_lab.e_alcohol_calendar2,jp.co.hateblo.bomberhead_lab.e_alcohol_calendar2.Kakakuhyou,Text contrast,jp.co.hateblo.bomberhead_lab.e_alcohol_calendar2:id/editText7,android.widget.EditText
jp.co.hateblo.bomberhead_lab.e_alcohol_calendar2,jp.co.hateblo.bomberhead_lab.e_alcohol_calendar2.Kakakuhyou,Text contrast,"[5,386][399,452]",android.widget.TextView
jp.co.hateblo.bomberhead_lab.e_alcohol_calendar2,jp.co.hateblo.bomberhead_lab.e_alcohol_calendar2.Kakakuhyou,Text contrast,"[453,483][783,526]",android.widget.TextView
jp.co.hateblo.bomberhead_lab.e_alcohol_calendar2,jp.co.hateblo.bomberhead_lab.e_alcohol_calendar2.Kakakuhyou,Text contrast,"[382,588][786,631]",android.widget.TextView
jp.co.hateblo.bomberhead_lab.e_alcohol_calendar2,jp.co.hateblo.bomberhead_lab.e_alcohol_calendar2.Kakakuhyou,Text contrast,"[668,690][786,733]",android.widget.TextView
jp.co.hateblo.bomberhead_lab.e_alcohol_calendar2,jp.co.hateblo.bomberhead_lab.e_alcohol_calendar2.Kakakuhyou,Text contrast,"[705,792][786,835]",android.widget.TextView
jp.co.hateblo.bomberhead_lab.e_alcohol_calendar2,jp.co.hateblo.bomberhead_lab.e_alcohol_calendar2.Kakakuhyou,Text contrast,"[619,894][786,937]",android.widget.TextView
jp.co.hateblo.bomberhead_lab.e_alcohol_calendar2,jp.co.hateblo.bomberhead_lab.e_alcohol_calendar2.Kakakuhyou,Text contrast,"[619,996][786,1039]",android.widget.TextView
jp.co.hateblo.bomberhead_lab.e_alcohol_calendar2,jp.co.hateblo.bomberhead_lab.e_alcohol_calendar2.Shuturyoku,Text contrast,"[11,531][1069,594]",android.widget.TextView
jp.co.hateblo.bomberhead_lab.e_alcohol_calendar2,jp.co.hateblo.bomberhead_lab.e_alcohol_calendar2.Shuturyoku,Text contrast,"[11,813][1069,931]",android.widget.TextView
jp.co.hateblo.bomberhead_lab.e_alcohol_calendar2,jp.co.hateblo.bomberhead_lab.e_alcohol_calendar2.Shuturyoku,Text contrast,jp.co.hateblo.bomberhead_lab.e_alcohol_calendar2:id/stime_v1,android.widget.TextView
jp.co.hateblo.bomberhead_lab.e_alcohol_calendar2,jp.co.hateblo.bomberhead_lab.e_alcohol_calendar2.Shuturyoku,Text contrast,jp.co.hateblo.bomberhead_lab.e_alcohol_calendar2:id/Text02,android.widget.TextView
jp.co.hateblo.bomberhead_lab.e_alcohol_calendar2,jp.co.hateblo.bomberhead_lab.e_alcohol_calendar2.Shuturyoku,Text contrast,jp.co.hateblo.bomberhead_lab.e_alcohol_calendar2:id/Text00,android.widget.TextView
jp.co.hateblo.bomberhead_lab.e_alcohol_calendar2,jp.co.hateblo.bomberhead_lab.e_alcohol_calendar2.Shuturyoku,Text contrast,jp.co.hateblo.bomberhead_lab.e_alcohol_calendar2:id/Text04,android.widget.TextView
jp.co.hateblo.bomberhead_lab.e_alcohol_calendar2,jp.co.hateblo.bomberhead_lab.e_alcohol_calendar2.Shuturyoku,Text contrast,"[447,599][580,662]",android.widget.TextView
jp.co.hateblo.bomberhead_lab.e_alcohol_calendar2,jp.co.hateblo.bomberhead_lab.e_alcohol_calendar2.Shuturyoku,Text contrast,jp.co.hateblo.bomberhead_lab.e_alcohol_calendar2:id/Text1,android.widget.TextView
jp.co.hateblo.bomberhead_lab.e_alcohol_calendar2,jp.co.hateblo.bomberhead_lab.e_alcohol_calendar2.Shuturyoku,Text contrast,"[974,599][1064,662]",android.widget.TextView
jp.co.hateblo.bomberhead_lab.e_alcohol_calendar2,jp.co.hateblo.bomberhead_lab.e_alcohol_calendar2.Shuturyoku,Text contrast,"[355,672][644,735]",android.widget.TextView
jp.co.hateblo.bomberhead_lab.e_alcohol_calendar2,jp.co.hateblo.bomberhead_lab.e_alcohol_calendar2.Shuturyoku,Text contrast,jp.co.hateblo.bomberhead_lab.e_alcohol_calendar2:id/Text2,android.widget.TextView
jp.co.hateblo.bomberhead_lab.e_alcohol_calendar2,jp.co.hateblo.bomberhead_lab.e_alcohol_calendar2.Shuturyoku,Text contrast,"[1038,672][1064,735]",android.widget.TextView
jp.co.hateblo.bomberhead_lab.e_alcohol_calendar2,jp.co.hateblo.bomberhead_lab.e_alcohol_calendar2.Shuturyoku,Text contrast,"[494,745][670,808]",android.widget.TextView
jp.co.hateblo.bomberhead_lab.e_alcohol_calendar2,jp.co.hateblo.bomberhead_lab.e_alcohol_calendar2.Shuturyoku,Text contrast,jp.co.hateblo.bomberhead_lab.e_alcohol_calendar2:id/Text3,android.widget.TextView
jp.co.hateblo.bomberhead_lab.e_alcohol_calendar2,jp.co.hateblo.bomberhead_lab.e_alcohol_calendar2.Shuturyoku,Text contrast,"[447,936][580,999]",android.widget.TextView
jp.co.hateblo.bomberhead_lab.e_alcohol_calendar2,jp.co.hateblo.bomberhead_lab.e_alcohol_calendar2.Shuturyoku,Text contrast,jp.co.hateblo.bomberhead_lab.e_alcohol_calendar2:id/Text4,android.widget.TextView
jp.co.hateblo.bomberhead_lab.e_alcohol_calendar2,jp.co.hateblo.bomberhead_lab.e_alcohol_calendar2.Shuturyoku,Text contrast,"[974,936][1064,999]",android.widget.TextView
jp.co.hateblo.bomberhead_lab.e_alcohol_calendar2,jp.co.hateblo.bomberhead_lab.e_alcohol_calendar2.Shuturyoku,Text contrast,"[355,1009][644,1072]",android.widget.TextView
jp.co.hateblo.bomberhead_lab.e_alcohol_calendar2,jp.co.hateblo.bomberhead_lab.e_alcohol_calendar2.Shuturyoku,Text contrast,jp.co.hateblo.bomberhead_lab.e_alcohol_calendar2:id/Text5,android.widget.TextView
jp.co.hateblo.bomberhead_lab.e_alcohol_calendar2,jp.co.hateblo.bomberhead_lab.e_alcohol_calendar2.Shuturyoku,Text contrast,"[1038,1009][1064,1072]",android.widget.TextView
jp.co.hateblo.bomberhead_lab.e_alcohol_calendar2,jp.co.hateblo.bomberhead_lab.e_alcohol_calendar2.Shuturyoku,Text contrast,"[494,1082][670,1145]",android.widget.TextView
jp.co.hateblo.bomberhead_lab.e_alcohol_calendar2,jp.co.hateblo.bomberhead_lab.e_alcohol_calendar2.Shuturyoku,Text contrast,jp.co.hateblo.bomberhead_lab.e_alcohol_calendar2:id/Text6,android.widget.TextView
jp.co.hateblo.bomberhead_lab.e_alcohol_calendar2,jp.co.hateblo.bomberhead_lab.e_alcohol_calendar2.Shuturyoku,Text contrast,"[11,1150][1069,1231]",android.widget.TextView
jp.co.hateblo.bomberhead_lab.e_alcohol_calendar2,jp.co.hateblo.bomberhead_lab.e_alcohol_calendar2.Shuturyoku,Text contrast,"[11,1231][827,1266]",android.widget.TextView
jp.co.hateblo.bomberhead_lab.e_alcohol_calendar2,jp.co.hateblo.bomberhead_lab.e_alcohol_calendar2.Settei,Text contrast,jp.co.hateblo.bomberhead_lab.e_alcohol_calendar2:id/button6,android.widget.Button
jp.co.hateblo.bomberhead_lab.e_alcohol_calendar2,jp.co.hateblo.bomberhead_lab.e_alcohol_calendar2.Settei,Text contrast,jp.co.hateblo.bomberhead_lab.e_alcohol_calendar2:id/button3,android.widget.Button
jp.co.hateblo.bomberhead_lab.e_alcohol_calendar2,jp.co.hateblo.bomberhead_lab.e_alcohol_calendar2.Settei,Text contrast,jp.co.hateblo.bomberhead_lab.e_alcohol_calendar2:id/button3,android.widget.Button
jp.co.hateblo.bomberhead_lab.e_alcohol_calendar2,jp.co.hateblo.bomberhead_lab.e_alcohol_calendar2.Settei,Text contrast,jp.co.hateblo.bomberhead_lab.e_alcohol_calendar2:id/button6,android.widget.Button
jp.co.hateblo.bomberhead_lab.e_alcohol_calendar2,jp.co.hateblo.bomberhead_lab.e_alcohol_calendar2.Settei,Text contrast,jp.co.hateblo.bomberhead_lab.e_alcohol_calendar2:id/button3,android.widget.Button
jp.co.hateblo.bomberhead_lab.e_alcohol_calendar2,jp.co.hateblo.bomberhead_lab.e_alcohol_calendar2.Settei,Text contrast,jp.co.hateblo.bomberhead_lab.e_alcohol_calendar2:id/button6,android.widget.Button
jp.co.hateblo.bomberhead_lab.e_alcohol_calendar2,jp.co.hateblo.bomberhead_lab.e_alcohol_calendar2.Settei,Text contrast,jp.co.hateblo.bomberhead_lab.e_alcohol_calendar2:id/button6,android.widget.Button
jp.co.hateblo.bomberhead_lab.e_alcohol_calendar2,jp.co.hateblo.bomberhead_lab.e_alcohol_calendar2.Settei,Text contrast,jp.co.hateblo.bomberhead_lab.e_alcohol_calendar2:id/button6,android.widget.Button
jp.co.hateblo.bomberhead_lab.e_alcohol_calendar2,jp.co.hateblo.bomberhead_lab.e_alcohol_calendar2.Settei,Text contrast,jp.co.hateblo.bomberhead_lab.e_alcohol_calendar2:id/textView1,android.widget.TextView
jp.co.hateblo.bomberhead_lab.e_alcohol_calendar2,jp.co.hateblo.bomberhead_lab.e_alcohol_calendar2.Settei,Text contrast,jp.co.hateblo.bomberhead_lab.e_alcohol_calendar2:id/textView1,android.widget.TextView
jp.co.hateblo.bomberhead_lab.e_alcohol_calendar2,jp.co.hateblo.bomberhead_lab.e_alcohol_calendar2.Settei,Text contrast,jp.co.hateblo.bomberhead_lab.e_alcohol_calendar2:id/button6,android.widget.Button
jp.co.hateblo.bomberhead_lab.e_alcohol_calendar2,jp.co.hateblo.bomberhead_lab.e_alcohol_calendar2.Start,Text contrast,jp.co.hateblo.bomberhead_lab.e_alcohol_calendar2:id/text1,android.widget.TextView
jp.co.hateblo.bomberhead_lab.e_alcohol_calendar2,jp.co.hateblo.bomberhead_lab.e_alcohol_calendar2.SplushActivity,Text contrast,jp.co.hateblo.bomberhead_lab.e_alcohol_calendar2:id/text1,android.widget.TextView
jp.co.hateblo.bomberhead_lab.e_alcohol_calendar2,jp.co.hateblo.bomberhead_lab.e_alcohol_calendar2.EventDetailActivity,Text contrast,jp.co.hateblo.bomberhead_lab.e_alcohol_calendar2:id/calory_v0,android.widget.TextView
jp.co.hateblo.bomberhead_lab.e_alcohol_calendar2,jp.co.hateblo.bomberhead_lab.e_alcohol_calendar2.EventDetailActivity,Text contrast,jp.co.hateblo.bomberhead_lab.e_alcohol_calendar2:id/calory_v1,android.widget.TextView
jp.co.hateblo.bomberhead_lab.e_alcohol_calendar2,jp.co.hateblo.bomberhead_lab.e_alcohol_calendar2.Setumei,Text contrast,"[8,1053][1072,1087]",android.widget.TextView
com.sedai.pzdrtime,com.sedai.pzdrtime.SettingActivity,Text contrast,com.sedai.pzdrtime:id/seteditText1,android.widget.EditText
com.sedai.pzdrtime,com.sedai.pzdrtime.SubActivity,Text contrast,com.sedai.pzdrtime:id/subbutton5,android.widget.Button
com.sedai.pzdrtime,com.sedai.pzdrtime.EventActivity,Text contrast,android:id/button1,android.widget.Button
com.sedai.pzdrtime,com.sedai.pzdrtime.MainActivity,Text contrast,android:id/button1,android.widget.Button
be.rubengerits.speed,be.rubengerits.speed.SpeedActivity,Text contrast,com.bistux.surveyer:id/side_b,
be.rubengerits.speed,be.rubengerits.speed.SpeedActivity,Text contrast,com.bistux.surveyer:id/side_c,
be.rubengerits.speed,be.rubengerits.speed.SpeedActivity,Text contrast,com.bistux.surveyer:id/side_a,
pt.creativesolutions.football.android.England,pt.creativesolutions.football.Core.Activities.LiveActivity,Text contrast,pt.creativesolutions.football.android.England:id/loading_message,android.widget.TextView
pt.creativesolutions.football.android.England,pt.creativesolutions.football.Core.Activities.ChatActivity,Text contrast,pt.creativesolutions.football.android.England:id/loading_message,android.widget.TextView
pt.creativesolutions.football.android.England,pt.creativesolutions.football.Core.Activities.CalendarActivity,Text contrast,pt.creativesolutions.football.android.England:id/loading_message,android.widget.TextView
pt.creativesolutions.football.android.England,pt.creativesolutions.football.Core.Activities.NewsActivity,Text contrast,pt.creativesolutions.football.android.England:id/loading_message,android.widget.TextView
pt.creativesolutions.football.android.England,pt.creativesolutions.football.Core.Activities.TableActivity,Text contrast,pt.creativesolutions.football.android.England:id/loading_message,android.widget.TextView
pt.creativesolutions.football.android.England,pt.creativesolutions.football.Core.Activities.TeamActivity,Text contrast,pt.creativesolutions.football.android.England:id/loading_message,android.widget.TextView
pt.creativesolutions.football.android.England,pt.creativesolutions.football.Core.Activities.MoviesActivity,Text contrast,pt.creativesolutions.football.android.England:id/loading_message,android.widget.TextView
pt.creativesolutions.football.android.England,pt.creativesolutions.football.Core.Activities.NewsDetailActivity,Text contrast,pt.creativesolutions.football.android.England:id/newsdetail_editor_date,android.widget.TextView
pt.creativesolutions.football.android.England,pt.creativesolutions.football.Core.Activities.NewsDetailActivity,Text contrast,pt.creativesolutions.football.android.England:id/loading_message,android.widget.TextView
pt.creativesolutions.football.android.England,pt.creativesolutions.football.Core.Activities.PreferencesActivity,Text contrast,android:id/summary,android.widget.TextView
info.acturoutes.africatweet,info.acturoutes.africatweet.MainActivity_,Image contrast,"[0,63][147,210]",android.widget.ImageButton
com.substitutealert,com.substitutealert.SubstituteAlertActivity,Text contrast,com.substitutealert:id/login_prompt_password,android.widget.EditText
diamond.cards,diamond.cards.HomeActivity,Text contrast,android:id/title,android.widget.TextView
diamond.cards,diamond.cards.HomeActivity,Image contrast,diamond.cards:id/image,android.widget.ImageView
diamond.cards,diamond.cards.HomeActivity,Image contrast,diamond.cards:id/image,android.widget.ImageView
diamond.cards,diamond.cards.HomeActivity,Image contrast,diamond.cards:id/image,android.widget.ImageView
diamond.cards,diamond.cards.HomeActivity,Image contrast,diamond.cards:id/image,android.widget.ImageView
diamond.cards,diamond.cards.HomeActivity,Image contrast,diamond.cards:id/image,android.widget.ImageView
diamond.cards,diamond.cards.HomeActivity,Image contrast,diamond.cards:id/image,android.widget.ImageView
diamond.cards,diamond.cards.HomeActivity,Image contrast,diamond.cards:id/image,android.widget.ImageView
diamond.cards,diamond.cards.HomeActivity,Image contrast,diamond.cards:id/image,android.widget.ImageView
diamond.cards,diamond.cards.HomeActivity,Image contrast,diamond.cards:id/image,android.widget.ImageView
diamond.cards,diamond.cards.HomeActivity,Image contrast,diamond.cards:id/image,android.widget.ImageView
diamond.cards,diamond.cards.HomeActivity,Image contrast,diamond.cards:id/image,android.widget.ImageView
diamond.cards,diamond.cards.HomeActivity,Image contrast,diamond.cards:id/image,android.widget.ImageView
diamond.cards,diamond.cards.HomeActivity,Image contrast,diamond.cards:id/image,android.widget.ImageView
diamond.cards,diamond.cards.HomeActivity,Image contrast,diamond.cards:id/image,android.widget.ImageView
diamond.cards,diamond.cards.HomeActivity,Image contrast,diamond.cards:id/about,android.widget.ImageView
diamond.cards,diamond.cards.ContactUs,Text contrast,android:id/title,android.widget.TextView
diamond.cards,diamond.cards.ContactUs,Image contrast,diamond.cards:id/imageButton2,android.widget.ImageView
com.bistux.surveyer,com.bistux.surveyer.MainActivity,Text contrast,com.bistux.surveyer:id/side_b,android.widget.EditText
com.bistux.surveyer,com.bistux.surveyer.MainActivity,Text contrast,com.bistux.surveyer:id/side_c,android.widget.EditText
com.bistux.surveyer,com.bistux.surveyer.MainActivity,Text contrast,com.bistux.surveyer:id/side_a,android.widget.EditText
a2dp.Vol_133,a2dp.Vol.CustomIntentMaker,Text contrast,"[0,211][263,315]",android.widget.TextView
a2dp.Vol_133,a2dp.Vol.CustomIntentMaker,Text contrast,"[0,332][263,436]",android.widget.TextView
a2dp.Vol_133,a2dp.Vol.CustomIntentMaker,Text contrast,"[0,453][263,557]",android.widget.TextView
a2dp.Vol_133,a2dp.Vol.ProviderList,Text contrast,android:id/empty,android.widget.TextView
a2dp.Vol_133,a2dp.Vol.AppChooser,Text contrast,a2dp.Vol:id/pi_tv_name,android.widget.TextView
a2dp.Vol_133,a2dp.Vol.AppChooser,Text contrast,a2dp.Vol:id/pi_tv_name,android.widget.TextView
a2dp.Vol_133,a2dp.Vol.AppChooser,Text contrast,a2dp.Vol:id/pi_tv_name,android.widget.TextView
a2dp.Vol_133,a2dp.Vol.AppChooser,Text contrast,a2dp.Vol:id/pi_tv_name,android.widget.TextView
a2dp.Vol_133,a2dp.Vol.AppChooser,Text contrast,a2dp.Vol:id/pi_tv_name,android.widget.TextView
a2dp.Vol_133,a2dp.Vol.AppChooser,Text contrast,a2dp.Vol:id/pi_tv_name,android.widget.TextView
a2dp.Vol_133,a2dp.Vol.AppChooser,Text contrast,a2dp.Vol:id/pi_tv_name,android.widget.TextView
a2dp.Vol_133,a2dp.Vol.AppChooser,Text contrast,a2dp.Vol:id/pi_tv_name,android.widget.TextView
a2dp.Vol_133,a2dp.Vol.AppChooser,Text contrast,a2dp.Vol:id/pi_tv_name,android.widget.TextView
a2dp.Vol_133,a2dp.Vol.AppChooser,Text contrast,a2dp.Vol:id/pi_tv_name,android.widget.TextView
a2dp.Vol_133,a2dp.Vol.PackagesChooser,Text contrast,a2dp.Vol:id/pi_tv_name,android.widget.TextView
a2dp.Vol_133,a2dp.Vol.PackagesChooser,Text contrast,a2dp.Vol:id/pi_tv_name,android.widget.TextView
a2dp.Vol_133,a2dp.Vol.PackagesChooser,Text contrast,a2dp.Vol:id/pi_tv_name,android.widget.TextView
a2dp.Vol_133,a2dp.Vol.PackagesChooser,Text contrast,a2dp.Vol:id/pi_tv_name,android.widget.TextView
a2dp.Vol_133,a2dp.Vol.PackagesChooser,Text contrast,a2dp.Vol:id/pi_tv_name,android.widget.TextView
a2dp.Vol_133,a2dp.Vol.PackagesChooser,Text contrast,a2dp.Vol:id/pi_tv_name,android.widget.TextView
a2dp.Vol_133,a2dp.Vol.PackagesChooser,Text contrast,a2dp.Vol:id/pi_tv_name,android.widget.TextView
a2dp.Vol_133,a2dp.Vol.PackagesChooser,Text contrast,a2dp.Vol:id/pi_tv_name,android.widget.TextView
a2dp.Vol_133,a2dp.Vol.PackagesChooser,Text contrast,a2dp.Vol:id/pi_tv_name,android.widget.TextView
a2dp.Vol_133,a2dp.Vol.PackagesChooser,Text contrast,a2dp.Vol:id/pi_tv_name,android.widget.TextView
com.monotype.android.font.theme.kiss,com.monotype.android.font.theme.kiss.Exit_,Text contrast,"[36,1597][217,1781]",
com.monotype.android.font.theme.kiss,com.monotype.android.font.theme.kiss.Exit_,Text contrast,"[243,1597][424,1781]",
com.monotype.android.font.theme.kiss,com.monotype.android.font.theme.kiss.Exit_,Text contrast,"[657,1597][838,1781]",
com.monotype.android.font.theme.kiss,com.monotype.android.font.theme.kiss.Exit_,Text contrast,com.android.launcher3:id/btn_qsb_search,
com.monotype.android.font.theme.kiss,com.monotype.android.font.theme.kiss.Exit_,Text contrast,"[864,1597][1045,1781]",
com.eonsoft.TxtViewer,com.eonsoft.TxtViewer.MainActivity,Text contrast,com.eonsoft.TxtViewer:id/buttonNowPage,android.widget.Button
com.eonsoft.TxtViewer,com.eonsoft.TxtViewer.Color,Text contrast,"[363,1362][558,1434]",android.widget.Button
com.eonsoft.TxtViewer,com.eonsoft.TxtViewer.Color,Text contrast,"[594,1362][718,1434]",android.widget.Button
com.eonsoft.TxtViewer,com.eonsoft.TxtViewer.FontSize,Image contrast,com.eonsoft.TxtViewer:id/ImageButtonCancel,android.widget.ImageButton
com.eonsoft.TxtViewer,com.eonsoft.TxtViewer.FontSize,Image contrast,com.eonsoft.TxtViewer:id/ImageButtonSave,android.widget.ImageButton
com.eonsoft.TxtViewer,com.eonsoft.TxtViewer.ListA,Text contrast,android:id/title,android.widget.TextView
com.mediosgt.radiofantasi,com.radio.aacttplayer.MainActivity,Text contrast,com.mediosgt.radiofantasia:id/view_main_text_status,android.widget.TextView
com.mediosgt.radiofantasi,com.radio.aacttplayer.Informacion,Text contrast,com.mediosgt.radiofantasia:id/textView3,android.widget.TextView
com.mediosgt.radiofantasi,com.radio.aacttplayer.Informacion,Text contrast,com.mediosgt.radiofantasia:id/textView1,android.widget.TextView
com.huawei.hwid,com.huawei.hwid.ui.common.login.RegisterPhoneNumActivity,Text contrast,com.huawei.hwid:id/input_password,android.widget.EditText
com.huawei.hwid,com.huawei.hwid.ui.common.login.RegisterViaEmailActivity,Text contrast,com.huawei.hwid:id/input_password,android.widget.EditText
com.huawei.hwid,com.huawei.hwid.ui.common.login.RegisterViaEmailActivity,Text contrast,com.huawei.hwid:id/eMail_name,android.widget.EditText
com.huawei.hwid,com.huawei.hwid.ui.common.password.QuickResetPasswordActivity,Text contrast,com.huawei.hwid:id/quick_resetpassword_textview_1,android.widget.TextView
com.huawei.hwid,com.huawei.hwid.ui.common.password.QuickResetPasswordActivity,Text contrast,com.huawei.hwid:id/quick_pswd_et,android.widget.EditText
com.huawei.hwid,com.huawei.hwid.ui.common.setting.PIMSettings,Text contrast,com.huawei.hwid:id/devicename_edit,android.widget.EditText
com.huawei.hwid,com.huawei.hwid.ui.common.setting.PIMSettings,Text contrast,com.huawei.hwid:id/edit_name,android.widget.EditText
com.huawei.hwid,com.huawei.hwid.ui.common.password.FindpwdByHwIdActivity,Text contrast,com.huawei.hwid:id/edit_hwid,android.widget.EditText
com.huawei.hwid,com.huawei.hwid.ui.common.setting.ModifyPasswordActivity,Text contrast,com.huawei.hwid:id/new_pwd_edit,android.widget.EditText
com.huawei.hwid,com.huawei.hwid.ui.common.setting.ModifyPasswordActivity,Text contrast,com.huawei.hwid:id/confirm_pwd_edit,android.widget.EditText
com.huawei.hwid,com.huawei.hwid.ui.common.setting.ModifyPasswordActivity,Text contrast,com.huawei.hwid:id/old_pwd_edit,android.widget.EditText
com.huawei.hwid,com.huawei.hwid.ui.common.login.LoginActivity,Text contrast,com.huawei.hwid:id/email_name,android.widget.EditText
com.huawei.hwid,com.huawei.hwid.ui.common.login.LoginActivity,Text contrast,com.huawei.hwid:id/email_password,android.widget.EditText
com.huawei.hwid,com.huawei.hwid.ui.common.login.LoginActivity,Text contrast,com.huawei.hwid:id/id_txt,android.widget.TextView
com.huawei.hwid,com.huawei.hwid.ui.common.login.RegisterViaPhoneNumberActivity,Text contrast,com.huawei.hwid:id/id_txt,android.widget.TextView
com.huawei.hwid,com.huawei.hwid.ui.common.login.RegisterViaPhoneNumberActivity,Text contrast,com.huawei.hwid:id/phone_number,android.widget.EditText
com.huawei.hwid,com.huawei.hwid.ui.common.login.StartUpGuideLoginForAPPActivity,Text contrast,com.huawei.hwid:id/welcome_textview_1,android.widget.TextView
com.huawei.hwid,com.huawei.hwid.ui.common.login.StartUpGuideLoginForAPPActivity,Text contrast,com.huawei.hwid:id/welcome_textview_value,android.widget.TextView
com.huawei.hwid,com.huawei.hwid.ui.extend.setting.BindEmailSettingsActivity,Text contrast,com.huawei.hwid:id/bind_edittext,android.widget.EditText
com.huawei.hwid,com.huawei.hwid.ui.common.login.LoginDialog,Text contrast,android:id/alertTitle,android.widget.TextView
com.huawei.hwid,com.huawei.hwid.ui.common.login.LoginDialog,Text contrast,com.huawei.hwid:id/user_name,android.widget.EditText
com.huawei.hwid,com.huawei.hwid.ui.common.login.LoginDialog,Text contrast,com.huawei.hwid:id/user_password,android.widget.EditText
com.huawei.hwid,com.huawei.hwid.ui.common.login.LoginDialog,Text contrast,com.huawei.hwid:id/id_txt,android.widget.TextView
com.huawei.hwid,com.huawei.hwid.ui.extend.setting.BindPhoneSettingsActivity,Text contrast,com.huawei.hwid:id/phone_number,android.widget.EditText
com.huawei.hwid,com.huawei.hwid.ui.common.login.PrivacyPolicyActivity,Text contrast,android:id/alertTitle,android.widget.TextView
com.huawei.hwid,com.huawei.hwid.ui.common.login.CheckLoginedPassword,Text contrast,android:id/alertTitle,android.widget.TextView
com.huawei.hwid,com.huawei.hwid.ui.common.login.CheckLoginedPassword,Text contrast,com.huawei.hwid:id/input_password,android.widget.EditText
com.huawei.hwid,com.huawei.hwid.ui.common.login.CheckLoginedPassword,Text contrast,com.huawei.hwid:id/id_txt,android.widget.TextView
com.huawei.hwid,com.huawei.hwid.openapi.quicklogin.ui.QuickLoginActivity,Text contrast,com.huawei.hwid:id/login_btn,android.widget.TextView
com.huawei.hwid,com.huawei.hwid.openapi.quicklogin.ui.QuickLoginActivity,Text contrast,com.huawei.hwid:id/text_hint,android.widget.TextView
com.huawei.hwid,com.huawei.hwid.openapi.quicklogin.ui.QuickLoginActivity,Text contrast,com.huawei.hwid:id/terms,android.widget.TextView
com.huawei.hwid,com.huawei.hwid.openapi.quicklogin.ui.QuickLoginActivity,Text contrast,com.huawei.hwid:id/policy,android.widget.TextView
com.huawei.hwid,com.huawei.hwid.openapi.quicklogin.ui.QuickLoginActivity,Image contrast,com.huawei.hwid:id/close,android.widget.ImageView
com.huawei.hwid,com.huawei.hwid.ui.common.login.QuickLoginActivity,Text contrast,com.huawei.hwid:id/quick_login_textview_1,android.widget.TextView
com.huawei.hwid,com.huawei.hwid.ui.common.login.QuickLoginActivity,Text contrast,com.huawei.hwid:id/ok_btn,android.widget.Button
com.huawei.hwid,com.huawei.hwid.ui.extend.setting.StartUpGuideLoginActivity,Text contrast,com.huawei.hwid:id/welcome_textview_1,android.widget.TextView
com.huawei.hwid,com.huawei.hwid.ui.extend.setting.StartUpGuideLoginActivity,Text contrast,com.huawei.hwid:id/welcome_textview_skip,android.widget.TextView
com.huawei.hwid,com.huawei.hwid.ui.extend.setting.StartUpGuideLoginActivity,Text contrast,com.huawei.hwid:id/welcome_textview_value,android.widget.TextView
com.huawei.hwid,com.huawei.hwid.ui.common.password.ResetPwdByPhoneNumberActivity,Text contrast,com.huawei.hwid:id/input_password,android.widget.EditText
com.huawei.hwid,com.huawei.hwid.ui.common.login.QuickRegisterConfirmActivity,Text contrast,com.huawei.hwid:id/quick_register_confirm_textview_1,android.widget.TextView
com.huawei.hwid,com.huawei.hwid.ui.common.login.QuickRegisterActivity,Text contrast,com.huawei.hwid:id/quick_register_textview_1,android.widget.TextView
com.topzoomapps.skiloo,com.topzoomapps.skiloo.Website169929,Image contrast,"[932,63][1080,189]",android.widget.ImageButton
com.topzoomapps.skiloo,com.topzoomapps.skiloo.Website169931,Image contrast,"[932,63][1080,189]",android.widget.ImageButton
com.topzoomapps.skiloo,com.topzoomapps.skiloo.Website169930,Image contrast,"[932,63][1080,189]",android.widget.ImageButton
com.topzoomapps.skiloo,com.topzoomapps.skiloo.AndromoDashboardActivity,Image contrast,"[932,63][1080,189]",android.widget.ImageButton
id.afhamzsoft.torque,id.afhamzsoft.torque.MainActivity,Text contrast,"[265,1194][609,1286]",
id.afhamzsoft.torque,id.afhamzsoft.torque.MainActivity,Text contrast,"[645,1194][816,1286]",
com.automotiontv.bayridgetoyot,com.automotiontv.activities.SplashActivity,Text contrast,"[36,1597][217,1781]",
com.automotiontv.bayridgetoyot,com.automotiontv.activities.SplashActivity,Text contrast,"[243,1597][424,1781]",
com.automotiontv.bayridgetoyot,com.automotiontv.activities.SplashActivity,Text contrast,"[657,1597][838,1781]",
com.automotiontv.bayridgetoyot,com.automotiontv.activities.SplashActivity,Text contrast,"[864,1597][1045,1781]",
com.automotiontv.bayridgetoyot,com.automotiontv.activities.MainActivity,Text contrast,"[36,1597][217,1781]",
com.automotiontv.bayridgetoyot,com.automotiontv.activities.MainActivity,Text contrast,"[243,1597][424,1781]",
com.automotiontv.bayridgetoyot,com.automotiontv.activities.MainActivity,Text contrast,"[657,1597][838,1781]",
com.automotiontv.bayridgetoyot,com.automotiontv.activities.MainActivity,Text contrast,"[864,1597][1045,1781]",
com.feeperfect.feemwifi.free,com.feeperfect.feemwifi.ActivitySplashScreen,Text contrast,com.feeperfect.feemwifi.free:id/lbl_feem_item_title,android.widget.TextView
com.feeperfect.feemwifi.free,com.feeperfect.feemwifi.ActivitySplashScreen,Text contrast,com.feeperfect.feemwifi.free:id/icon,android.widget.TextView
com.feeperfect.feemwifi.free,com.feeperfect.feemwifi.ActivitySplashScreen,Text contrast,com.feeperfect.feemwifi.free:id/icon,android.widget.TextView
com.feeperfect.feemwifi.free,com.feeperfect.feemwifi.ActivityMain,Text contrast,com.feeperfect.feemwifi.free:id/lbl_feem_item_title,android.widget.TextView
com.feeperfect.feemwifi.free,com.feeperfect.feemwifi.ActivityMain,Text contrast,com.feeperfect.feemwifi.free:id/icon,android.widget.TextView
com.feeperfect.feemwifi.free,com.feeperfect.feemwifi.ActivityMain,Text contrast,com.feeperfect.feemwifi.free:id/icon,android.widget.TextView
de.markusfisch.android.shadereditorF049D62A646B115791D9E7817EB7410EC9137880,de.markusfisch.android.shadereditor.activity.MainActivity,Text contrast,"[157,146][247,189]",android.widget.TextView
com.link.kuaiji,com.example.account.login.LoginActivity,Text contrast,com.link.kuaiji:id/textView1,android.widget.TextView
com.link.kuaiji,com.example.account.login.LoginActivity,Text contrast,com.link.kuaiji:id/button2,android.widget.Button
com.link.kuaiji,com.example.account.login.LoginActivity,Text contrast,com.link.kuaiji:id/button1,android.widget.Button
com.link.kuaiji,com.example.account.login.LoginActivity,Text contrast,com.link.kuaiji:id/weibo,android.widget.TextView
com.link.kuaiji,com.example.account.login.LoginActivity,Text contrast,com.link.kuaiji:id/qq,android.widget.TextView
com.link.kuaiji,com.example.account.login.LoginActivity,Image contrast,com.link.kuaiji:id/imageView1,android.widget.ImageView
com.link.kuaiji,com.example.account.login.LoginActivity,Image contrast,com.link.kuaiji:id/imageView2,android.widget.ImageView
com.link.kuaiji,com.example.account.login.EntranceActivity,Text contrast,com.link.kuaiji:id/textView1,android.widget.TextView
com.link.kuaiji,com.example.account.login.EntranceActivity,Text contrast,com.link.kuaiji:id/remindText,android.widget.TextView
com.link.kuaiji,com.example.account.login.EntranceActivity,Text contrast,"[0,181][360,286]",android.widget.TextView
com.link.kuaiji,com.example.account.login.EntranceActivity,Text contrast,com.link.kuaiji:id/month,android.widget.TextView
com.link.kuaiji,com.example.account.login.EntranceActivity,Text contrast,com.link.kuaiji:id/year,android.widget.TextView
com.link.kuaiji,com.example.account.login.EntranceActivity,Text contrast,com.link.kuaiji:id/time,android.widget.TextView
com.link.kuaiji,com.example.account.login.EntranceActivity,Text contrast,com.link.kuaiji:id/header_income_outcome,android.widget.TextView
com.link.kuaiji,com.example.account.login.EntranceActivity,Text contrast,com.link.kuaiji:id/calander,android.widget.TextView
com.link.kuaiji,com.example.account.login.EntranceActivity,Image contrast,com.link.kuaiji:id/i1,android.widget.ImageView
com.link.kuaiji,com.example.account.login.EntranceActivity,Image contrast,com.link.kuaiji:id/i2,android.widget.ImageView
com.link.kuaiji,com.example.account.login.RegisterActivity,Text contrast,com.link.kuaiji:id/textView1,android.widget.TextView
com.link.kuaiji,com.example.account.login.RegisterActivity,Text contrast,com.link.kuaiji:id/textView1,android.widget.TextView
com.link.kuaiji,com.example.account.login.RegisterActivity,Text contrast,com.link.kuaiji:id/textView2,android.widget.TextView
com.link.kuaiji,com.example.account.login.RegisterActivity,Text contrast,com.link.kuaiji:id/button1,android.widget.Button
com.link.kuaiji,com.example.account.login.RegisterActivity,Image contrast,com.link.kuaiji:id/back,android.widget.ImageView
com.link.kuaiji,com.example.account.login.RegisterActivity,Text contrast,com.link.kuaiji:id/editText1,android.widget.EditText
com.link.kuaiji,com.example.account.login.RegisterActivity,Text contrast,com.link.kuaiji:id/editText2,android.widget.EditText
com.link.kuaiji,com.example.account.login.RegisterActivity,Text contrast,com.link.kuaiji:id/editText3,android.widget.EditText
com.andrewsomething.statenislandferry,com.andrewsomething.statenislandferry.SIFerryActivity,Text contrast,next-stg-ferry,android.widget.Button
com.trueway.nagaxking.trueway,com.trueway.nagaxking.trueway.Activity.BrowsePlansActivity,Image contrast,"[0,63][147,210]",android.widget.ImageButton
com.trueway.nagaxking.trueway,com.trueway.nagaxking.trueway.Activity.BrowsePlansActivity,Text contrast,com.trueway.nagaxking.trueway:id/toolbar_title,android.widget.TextView
com.trueway.nagaxking.trueway,com.trueway.nagaxking.trueway.Activity.MainActivity,Text contrast,com.trueway.nagaxking.trueway:id/edit_mobile_number,android.widget.EditText
com.trueway.nagaxking.trueway,com.trueway.nagaxking.trueway.Activity.MainActivity,Text contrast,com.trueway.nagaxking.trueway:id/edit_amount,android.widget.EditText
com.trueway.nagaxking.trueway,com.trueway.nagaxking.trueway.Activity.MainActivity,Image contrast,com.trueway.nagaxking.trueway:id/image_pick_contact,android.widget.ImageButton
com.trueway.nagaxking.trueway,com.trueway.nagaxking.trueway.Activity.MainActivity,Image contrast,com.trueway.nagaxking.trueway:id/image_wallet,android.widget.ImageView
com.trueway.nagaxking.trueway,com.trueway.nagaxking.trueway.Activity.MainActivity,Image contrast,com.trueway.nagaxking.trueway:id/image_account,android.widget.ImageView
com.trueway.nagaxking.trueway,com.trueway.nagaxking.trueway.Activity.MainActivity,Image contrast,com.trueway.nagaxking.trueway:id/image_contact,android.widget.ImageView
com.trueway.nagaxking.trueway,com.trueway.nagaxking.trueway.Activity.MainActivity,Text contrast,com.trueway.nagaxking.trueway:id/toolbar_title,android.widget.TextView
com.trueway.nagaxking.trueway,com.trueway.nagaxking.trueway.Activity.MainActivity,Text contrast,"[0,211][245,337]",android.widget.TextView
com.trueway.nagaxking.trueway,com.trueway.nagaxking.trueway.Activity.MainActivity,Text contrast,"[245,211][549,337]",android.widget.TextView
com.trueway.nagaxking.trueway,com.trueway.nagaxking.trueway.Activity.MainActivity,Text contrast,"[549,211][848,337]",android.widget.TextView
com.trueway.nagaxking.trueway,com.trueway.nagaxking.trueway.Activity.MainActivity,Text contrast,"[848,211][1080,337]",android.widget.TextView
com.trueway.nagaxking.trueway,com.trueway.nagaxking.trueway.Activity.MainActivity,Text contrast,com.trueway.nagaxking.trueway:id/text_browse_plan,android.widget.TextView
com.trueway.nagaxking.trueway,com.trueway.nagaxking.trueway.Activity.MainActivity,Text contrast,com.trueway.nagaxking.trueway:id/button_proceed_recharge,android.widget.Button
com.trueway.nagaxking.trueway,com.trueway.nagaxking.trueway.Activity.SplashScreenActivity,Text contrast,com.trueway.nagaxking.trueway:id/edit_user_name,android.widget.EditText
com.trueway.nagaxking.trueway,com.trueway.nagaxking.trueway.Activity.SplashScreenActivity,Text contrast,com.trueway.nagaxking.trueway:id/edit_password,android.widget.EditText
com.trueway.nagaxking.trueway,com.trueway.nagaxking.trueway.Activity.SplashScreenActivity,Text contrast,com.trueway.nagaxking.trueway:id/button_login,android.widget.Button
com.trueway.nagaxking.trueway,com.trueway.nagaxking.trueway.Activity.LoginActivity,Text contrast,com.trueway.nagaxking.trueway:id/edit_user_name,android.widget.EditText
com.trueway.nagaxking.trueway,com.trueway.nagaxking.trueway.Activity.LoginActivity,Text contrast,com.trueway.nagaxking.trueway:id/edit_password,android.widget.EditText
com.trueway.nagaxking.trueway,com.trueway.nagaxking.trueway.Activity.LoginActivity,Text contrast,com.trueway.nagaxking.trueway:id/button_login,android.widget.Button
com.wiztrit.android,com.wiztrit.android.SearchActivity,Text contrast,com.wiztrit.android:id/editText1,android.widget.EditText
com.cricinstant.cricket,com.cricinstant.cricket.SelectTeamActivity,Text contrast,android:id/action_bar_title,android.widget.TextView
com.cricinstant.cricket,com.cricinstant.cricket.SelectTeamActivity,Text contrast,com.cricinstant.cricket:id/menu_done,android.widget.TextView
com.cricinstant.cricket,com.cricinstant.cricket.MediaIntermediateScreen,Text contrast,android:id/action_bar_title,android.widget.TextView
com.cricinstant.cricket,com.cricinstant.cricket.SelectLeaguesActivity,Text contrast,android:id/action_bar_title,android.widget.TextView
com.cricinstant.cricket,com.cricinstant.cricket.SelectLeaguesActivity,Text contrast,com.cricinstant.cricket:id/menu_done,android.widget.TextView
com.cricinstant.cricket,com.cricinstant.cricket.InstantCommentaryActivity,Text contrast,android:id/alertTitle,android.widget.TextView
com.cricinstant.cricket,com.cricinstant.cricket.InstantLiveInPlayerActivity,Text contrast,android:id/action_bar_title,android.widget.TextView
com.cricinstant.cricket,com.cricinstant.cricket.InstantSplashscreenActivity,Text contrast,android:id/action_bar_title,android.widget.TextView
com.cricinstant.cricket,com.cricinstant.cricket.InstantSplashscreenActivity,Text contrast,"[424,1013][655,1109]",android.widget.TextView
com.cricinstant.cricket,com.cricinstant.cricket.SettingsActivity,Text contrast,"[26,272][892,366]",android.widget.TextView
com.cricinstant.cricket,com.cricinstant.cricket.SettingsActivity,Text contrast,"[26,478][740,572]",android.widget.TextView
com.cricinstant.cricket,com.cricinstant.cricket.SettingsActivity,Text contrast,"[26,684][892,778]",android.widget.TextView
com.cricinstant.cricket,com.cricinstant.cricket.SettingsActivity,Text contrast,android:id/action_bar_title,android.widget.TextView
com.cricinstant.cricket,com.cricinstant.cricket.InstantScorecardActivity,Text contrast,android:id/alertTitle,android.widget.TextView
com.shoutcast.stm.radiowebshalom,com.shoutcast.stm.radiowebshalom.MainActivity,Text contrast,com.shoutcast.stm.radiowebshalom:id/view_main_text_status,android.widget.TextView
com.shoutcast.stm.radiowebshalom,com.shoutcast.stm.radiowebshalom.MainActivity,Text contrast,com.shoutcast.stm.radiowebshalom:id/view_main_text_meta_genre,android.widget.TextView
com.cubesugar2014.emerrec,com.cubesugar2014.emerrec.IntroActivity,Text contrast,com.cubesugar2014.emerrec:id/textView2,android.widget.TextView
com.cubesugar2014.emerrec,com.cubesugar2014.emerrec.MainActivity,Text contrast,com.cubesugar2014.emerrec:id/textView2,android.widget.TextView
com.automotiontv.i10toyot,com.automotiontv.activities.SplashActivity,Text contrast,"[36,1597][217,1781]",
com.automotiontv.i10toyot,com.automotiontv.activities.SplashActivity,Text contrast,"[243,1597][424,1781]",
com.automotiontv.i10toyot,com.automotiontv.activities.SplashActivity,Text contrast,"[657,1597][838,1781]",
com.automotiontv.i10toyot,com.automotiontv.activities.SplashActivity,Text contrast,"[864,1597][1045,1781]",
com.automotiontv.i10toyot,com.automotiontv.activities.MainActivity,Text contrast,"[36,1597][217,1781]",
com.automotiontv.i10toyot,com.automotiontv.activities.MainActivity,Text contrast,"[243,1597][424,1781]",
com.automotiontv.i10toyot,com.automotiontv.activities.MainActivity,Text contrast,"[657,1597][838,1781]",
com.automotiontv.i10toyot,com.automotiontv.activities.MainActivity,Text contrast,"[864,1597][1045,1781]",
br.com.tecla.redencao,br.com.tecla.redencao.MainActivity,Text contrast,br.com.tecla.redencao:id/description,android.widget.TextView
br.com.tecla.redencao,br.com.tecla.redencao.MainActivity,Text contrast,br.com.tecla.redencao:id/description,android.widget.TextView
com.vcroitor.find.it,com.vcroitor.find.it.ui.activity.SearchActivity,Text contrast,android:id/alertTitle,android.widget.TextView
com.lintasgps.cakragps,com.lintasgps.cakragps.LoginActivity,Text contrast,com.lintasgps.cakragps:id/txtUsername,android.widget.EditText
com.lintasgps.cakragps,com.lintasgps.cakragps.LoginActivity,Text contrast,com.lintasgps.cakragps:id/txtWeb,android.widget.TextView
com.lintasgps.cakragps,com.lintasgps.cakragps.LoginActivity,Text contrast,com.lintasgps.cakragps:id/txtPassword,android.widget.EditText
com.lintasgps.cakragps,com.lintasgps.cakragps.ShowInfo,Image contrast,com.lintasgps.cakragps:id/actionbar_item,android.widget.ImageButton
com.lintasgps.cakragps,com.lintasgps.cakragps.ShowInfo,Image contrast,com.lintasgps.cakragps:id/btnPhone,android.widget.ImageButton
com.lintasgps.cakragps,com.lintasgps.cakragps.AlertActivity,Text contrast,android:id/empty,android.widget.TextView
com.lintasgps.cakragps,com.lintasgps.cakragps.AlertActivity,Image contrast,com.lintasgps.cakragps:id/actionbar_item,android.widget.ImageButton
