apk_name,active_name,raletive_class,xbot_colorSet,getColor
de.p72b.bonitur,de.p72b.bonitur.ActivityAbout,TextView,"['#33B5E5', '#FAFAFA']","['#FAFAFA', '#33B5E5']"
de.p72b.bonitur,de.p72b.bonitur.ActivityAbout,TextView,"['#33B5E5', '#FAFAFA']","['#FAFAFA', '#33B5E5']"
de.p72b.bonitur,de.p72b.bonitur.ActivityAbout,TextView,"['#33B5E5', '#FAFAFA']","['#FAFAFA', '#33B5E5']"
de.p72b.bonitur,de.p72b.bonitur.ActivityAbout,TextView,"['#FFFFFF', '#669900']","['#669900', '#FFFFFF']"
de.p72b.bonitur,de.p72b.bonitur.ActivityAbout,TextView,"['#FFFFFF', '#669900']","['#669900', '#FFFFFF']"
de.p72b.bonitur,de.p72b.bonitur.ActivityMain,TextView,"['#FFFFFF', '#669900']","['#669900', '#FFFFFF']"
com.polaz.fxcash,com.polaz.fxcashapp.PersonalInfoActivity,Button,"['#357CAB', '#D4D4D4']","['#D4D4D4', '#4698CD']"
com.polaz.fxcash,com.polaz.fxcashapp.PersonalInfoActivity,TextView,"['#FF0000', '#F1F1F1']","['#F1F1F1', '#F2F2F2']"
com.polaz.fxcash,com.polaz.fxcashapp.NewsActivity,Button,"['#357CAB', '#D4D4D4']","['#D4D4D4', '#4698CD']"
com.polaz.fxcash,com.polaz.fxcashapp.NewsActivity,TextView,"['#FF0000', '#F1F1F1']","['#F1F1F1', '#F2F2F2']"
com.polaz.fxcash,com.polaz.fxcashapp.SupportActivity,Button,"['#357CAB', '#D4D4D4']","['#D4D4D4', '#4698CD']"
com.polaz.fxcash,com.polaz.fxcashapp.SupportActivity,TextView,"['#FF0000', '#F1F1F1']","['#F1F1F1', '#F2F2F2']"
com.polaz.fxcash,com.polaz.fxcashapp.MenuActivity,Button,"['#357CAB', '#D4D4D4']","['#D4D4D4', '#4698CD']"
com.polaz.fxcash,com.polaz.fxcashapp.MenuActivity,TextView,"['#FF0000', '#F1F1F1']","['#F1F1F1', '#F2F2F2']"
com.polaz.fxcash,com.polaz.fxcashapp.AuthActivity,Button,"['#357CAB', '#D4D4D4']","['#D4D4D4', '#4698CD']"
com.polaz.fxcash,com.polaz.fxcashapp.AuthActivity,TextView,"['#FF0000', '#F1F1F1']","['#F1F1F1', '#F2F2F2']"
com.polaz.fxcash,com.polaz.fxcashapp.HistoryBalanceActivity,Button,"['#357CAB', '#D4D4D4']","['#D4D4D4', '#4698CD']"
com.polaz.fxcash,com.polaz.fxcashapp.HistoryBalanceActivity,TextView,"['#FF0000', '#F1F1F1']","['#F1F1F1', '#F2F2F2']"
com.polaz.fxcash,com.polaz.fxcashapp.OutputsActivity,Button,"['#357CAB', '#D4D4D4']","['#D4D4D4', '#4698CD']"
com.polaz.fxcash,com.polaz.fxcashapp.OutputsActivity,TextView,"['#FF0000', '#F1F1F1']","['#F1F1F1', '#F2F2F2']"
com.polaz.fxcash,com.polaz.fxcashapp.TradingBillsActivity,Button,"['#357CAB', '#D4D4D4']","['#D4D4D4', '#4698CD']"
com.polaz.fxcash,com.polaz.fxcashapp.TradingBillsActivity,TextView,"['#FF0000', '#F1F1F1']","['#F1F1F1', '#F2F2F2']"
com.pascalfischer.myelly,com.pascalfischer.myelly.LoginView,EditText,"['#808080', '#EDEDED']","['#EDEDED', '#EEEEEE']"
com.pascalfischer.myelly,com.pascalfischer.myelly.LoginView,EditText,"['#808080', '#EFEFEF']","['#EFEFEF', '#EEEEEE']"
de.markusfisch.android.shadereditor,de.markusfisch.android.shadereditor.activity.MainActivity,TextView,"['#BCD8D1', '#207F66']","['#207F66', '#BCD8D1']"
com.diary.superdiary,com.diary.superdiary.addnewrecord,EditText,"['#808080', '#373737']","['#3F3F3F', '#3A3A3A']"
com.diary.superdiary,com.diary.superdiary.MainActivity,TextView,"['#64B801', '#434343']","['#434343', '#444444']"
com.diary.superdiary,com.diary.superdiary.MainActivity,TextView,"['#64B801', '#3F3F3F']","['#3F3F3F', '#404040']"
com.diary.superdiary,com.diary.superdiary.MainActivity,EditText,"['#0099CC', '#3B3B3B']","['#3B3B3B', '#3A3A3A']"
com.diary.superdiary,com.diary.superdiary.passwordchange,TextView,"['#64B801', '#434343']","['#434343', '#444444']"
com.diary.superdiary,com.diary.superdiary.passwordchange,TextView,"['#64B801', '#3F3F3F']","['#3F3F3F', '#404040']"
com.diary.superdiary,com.diary.superdiary.passwordchange,EditText,"['#0099CC', '#3B3B3B']","['#3B3B3B', '#3A3A3A']"
com.diary.superdiary,com.diary.superdiary.editdata,EditText,"['#808080', '#373737']","['#3F3F3F', '#3A3A3A']"
com.sparky.ptisongs,com.sparky.ptisongs.CategoryItem,TextView,"['#33B5E5', '#F5F5F5']","['#F5F5F5', '#33B5E5']"
com.sparky.ptisongs,com.sparky.ptisongs.SplashActivity,TextView,"['#33B5E5', '#F5F5F5']","['#F5F5F5', '#33B5E5']"
com.sparky.ptisongs,com.sparky.ptisongs.MainActivity,TextView,"['#33B5E5', '#F5F5F5']","['#F5F5F5', '#33B5E5']"
cz.okhelp.german_czech_phrases,cz.okhelp.german_czech_phrases.PreferencesLib,TextView,"['#FFFFFF', '#828282']","['#999999', '#898989']"
cz.okhelp.german_czech_phrases,cz.okhelp.german_czech_phrases.MainPsc,TextView,"['#FFFFFF', '#828282']","['#999999', '#898989']"
com.darsh.galleryorganizer2,com.darsh.galleryorganizer2.activities.CollectionActivity,ImageView,"['#FAFAFA', '#4CAF50']","['#0277BD', '#37474F']"
com.fullsix.android.labanquepostale.accountaccess,com.fullsix.android.labanquepostale.accountaccess.activities.BeneficiariesActivity,TextView,"['#7997CB', '#FFFFFF']","['#7B98CC', '#FFFFFF']"
com.fullsix.android.labanquepostale.accountaccess,com.fullsix.android.labanquepostale.accountaccess.activities.CardDetailsActivity,TextView,"['#7997CB', '#FFFFFF']","['#7B98CC', '#FFFFFF']"
com.fullsix.android.labanquepostale.accountaccess,com.fullsix.android.labanquepostale.accountaccess.activities.LoansActivity,TextView,"['#7997CB', '#FFFFFF']","['#7B98CC', '#FFFFFF']"
com.fullsix.android.labanquepostale.accountaccess,com.fullsix.android.labanquepostale.accountaccess.activities.TransfersListActivity,Button,"['#848484', '#DCDCDC']","['#838383', '#D9D9D9']"
com.fullsix.android.labanquepostale.accountaccess,com.fullsix.android.labanquepostale.accountaccess.activities.MoreInfosActivity,TextView,"['#7997CB', '#FFFFFF']","['#7B98CC', '#FFFFFF']"
com.fullsix.android.labanquepostale.accountaccess,com.fullsix.android.labanquepostale.accountaccess.activities.HomeActivity,TextView,"['#7997CB', '#FFFFFF']","['#7B98CC', '#FFFFFF']"
com.fullsix.android.labanquepostale.accountaccess,com.fullsix.android.labanquepostale.accountaccess.activities.AccountsListActivity,TextView,"['#7997CB', '#FFFFFF']","['#7B98CC', '#FFFFFF']"
com.fullsix.android.labanquepostale.accountaccess,com.fullsix.android.labanquepostale.accountaccess.activities.RejectedOperationsActivity,TextView,"['#7997CB', '#FFFFFF']","['#7B98CC', '#FFFFFF']"
com.fullsix.android.labanquepostale.accountaccess,com.fullsix.android.labanquepostale.accountaccess.activities.IncomingOperationsActivity,TextView,"['#7997CB', '#FFFFFF']","['#7B98CC', '#FFFFFF']"
com.fullsix.android.labanquepostale.accountaccess,com.fullsix.android.labanquepostale.accountaccess.activities.EmergencyServicesActivity,TextView,"['#6C98C4', '#2B4D94']","['#2B4D94', '#6B97C4']"
com.fullsix.android.labanquepostale.accountaccess,com.fullsix.android.labanquepostale.accountaccess.activities.EmergencyServicesActivity,Button,"['#92DC19', '#3CB01A']","['#3CB01A', '#92DC19']"
com.fullsix.android.labanquepostale.accountaccess,com.fullsix.android.labanquepostale.accountaccess.activities.EmergencyServicesActivity,Button,"['#92DC19', '#3CB01A']","['#3CB01A', '#92DC19']"
com.fullsix.android.labanquepostale.accountaccess,com.fullsix.android.labanquepostale.accountaccess.activities.CardsActivity,TextView,"['#7997CB', '#FFFFFF']","['#7B98CC', '#FFFFFF']"
jp.co.mobileit.invastFX24,jp.co.mobileit.invastFX24.invastFX24,Button,"['#848484', '#D6D6D6']","['#838383', '#CCCCCC']"
tac.english.thai,tac.english.thai.HomePage,TextView,"['#F3F3F3', '#459DCF']","['#459DCF', '#F3F3F3']"
tac.english.thai,tac.english.thai.HomePage,Button,"['#DFEDCC', '#459DCF']","['#459DCF', '#DFEDCC']"
tac.english.thai,tac.english.thai.HomePage,EditText,"['#808080', '#FFFFFF']","['#FFFFFF', '#F9F9F9']"
br.com.radiofm91.fm91,br.com.radiofm91.fm91.webapp,TextView,"['#828282', '#FFFFFF']","['#FFFFFF', '#979796']"
pnru.reginfo,pnru.reginfoapp.MainActivity,TextView,"['#04B45F', '#FFFFFF']","['#FFFFFF', '#04B45F']"
pnru.reginfo,pnru.reginfoapp.MainActivity,TextView,"['#04B45F', '#FFFFFF']","['#FFFFFF', '#04B45F']"
pnru.reginfo,pnru.reginfoapp.MainActivity,Button,"['#FFFFFF', '#04B45F']","['#04B45F', '#66D19D']"
pnru.reginfo,pnru.reginfoapp.MainActivity,TextView,"['#949292', '#FFFFFF']","['#FFFFFF', '#949292']"
pnru.reginfo,pnru.reginfoapp.MainActivity,TextView,"['#949292', '#FFFFFF']","['#FFFFFF', '#949292']"
pnru.reginfo,pnru.reginfoapp.PassCodeActivity,TextView,"['#04B45F', '#FFFFFF']","['#FFFFFF', '#04B45F']"
pnru.reginfo,pnru.reginfoapp.PassCodeActivity,TextView,"['#04B45F', '#FFFFFF']","['#FFFFFF', '#04B45F']"
pnru.reginfo,pnru.reginfoapp.PassCodeActivity,Button,"['#FFFFFF', '#04B45F']","['#04B45F', '#66D19D']"
pnru.reginfo,pnru.reginfoapp.PassCodeActivity,TextView,"['#949292', '#FFFFFF']","['#FFFFFF', '#949292']"
pnru.reginfo,pnru.reginfoapp.PassCodeActivity,TextView,"['#949292', '#FFFFFF']","['#FFFFFF', '#949292']"
co.lovesters.twobytwo,co.lovesters.twobytwo.GameActivity,TextView,"['#33B5E5', '#F5F5F5']","['#F5F5F5', '#33B5E5']"
com.jacwares.stuffer.minitoolkitfree,com.jacwares.stuffer.minitoolkitfree.MainActivity,ImageView,"['#707070', '#A4C739']","['#A4C739', '#A3C43B']"
com.jacwares.stuffer.minitoolkitfree,com.jacwares.stuffer.minitoolkitfree.MainActivity,ImageView,"['#707070', '#A4C739']","['#A4C739', '#707070']"
com.jacwares.stuffer.minitoolkitfree,com.jacwares.stuffer.minitoolkitfree.MainActivity,ImageView,"['#792C00', '#8C8C8C']","['#9E9E9E', '#A24123']"
com.jacwares.stuffer.minitoolkitfree,com.jacwares.stuffer.minitoolkitfree.MainActivity,EditText,"['#888888', '#FFFFFF']","['#FFFFFF', '#888888']"
an.TurkTranslate,an.TurkTranslate.FactorialX,TextView,"['#999998', '#828282']","['#888888', '#848484']"
com.enclase.formulacionquimcalite,com.enclase.formulacionquimcalite.MainActivity,ImageButton,"['#FFFFFF', '#2CBDE2']","['#2CBDE2', '#66CAEB']"
com.clinicaloptions.android.inpractice.oncology,com.clinicaloptions.inpractice.activities.SplashActivity,EditText,"['#ED7E53', '#FFFFFF']","['#FFFFFF', '#ED7E53']"
com.clinicaloptions.android.inpractice.oncology,com.clinicaloptions.inpractice.activities.SplashActivity,TextView,"['#ED7E53', '#FFFFFF']","['#FFFFFF', '#ED7E53']"
com.clinicaloptions.android.inpractice.oncology,com.clinicaloptions.inpractice.activities.SplashActivity,Button,"['#FFFFFF', '#ED7E53']","['#ED7E53', '#FFFFFF']"
com.clinicaloptions.android.inpractice.oncology,com.clinicaloptions.inpractice.activities.SplashActivity,TextView,"['#ED7E53', '#FFFFFF']","['#FFFFFF', '#ED7E53']"
com.clinicaloptions.android.inpractice.oncology,com.clinicaloptions.inpractice.activities.LoginActivity,EditText,"['#ED7E53', '#FFFFFF']","['#FFFFFF', '#ED7E53']"
com.clinicaloptions.android.inpractice.oncology,com.clinicaloptions.inpractice.activities.LoginActivity,TextView,"['#ED7E53', '#FFFFFF']","['#FFFFFF', '#ED7E53']"
com.clinicaloptions.android.inpractice.oncology,com.clinicaloptions.inpractice.activities.LoginActivity,Button,"['#FFFFFF', '#ED7E53']","['#ED7E53', '#FFFFFF']"
com.clinicaloptions.android.inpractice.oncology,com.clinicaloptions.inpractice.activities.LoginActivity,TextView,"['#ED7E53', '#FFFFFF']","['#FFFFFF', '#ED7E53']"
com.shivashivam.photoeditorlab,com.shivashivam.photoeditorlab.mainmenu.negative.NegativeScreen,TextView,"['#745C6E', '#D4B7D8']","['#D4B7D8', '#765C6F']"
com.shivashivam.photoeditorlab,com.shivashivam.photoeditorlab.mainmenu.negative.NegativeScreen,TextView,"['#815C74', '#DDBAD8']","['#8FC551', '#EEEEEE']"
com.shivashivam.photoeditorlab,com.shivashivam.photoeditorlab.mainmenu.negative.NegativeScreen,TextView,"['#E2B7D6', '#755C68']","['#755C68', '#865C73']"
com.shivashivam.photoeditorlab,com.shivashivam.photoeditorlab.mainmenu.negative.NegativeScreen,TextView,"['#8DFFFF', '#B5638F']","['#735B65', '#B46390']"
com.shivashivam.photoeditorlab,com.shivashivam.photoeditorlab.cropthirdparty.CropImage,TextView,"['#745C6E', '#D4B7D8']","['#D4B7D8', '#765C6F']"
com.shivashivam.photoeditorlab,com.shivashivam.photoeditorlab.cropthirdparty.CropImage,TextView,"['#815C74', '#DDBAD8']","['#8FC551', '#EEEEEE']"
com.shivashivam.photoeditorlab,com.shivashivam.photoeditorlab.cropthirdparty.CropImage,TextView,"['#E2B7D6', '#755C68']","['#755C68', '#865C73']"
com.shivashivam.photoeditorlab,com.shivashivam.photoeditorlab.cropthirdparty.CropImage,TextView,"['#8DFFFF', '#B5638F']","['#735B65', '#B46390']"
org.coopersoft.elcalcfree,org.coopersoft.elcalcfree.Supply,TextView,"['#999998', '#828282']","['#828282', '#888888']"
org.coopersoft.elcalcfree,org.coopersoft.elcalcfree.Help,TextView,"['#999998', '#828282']","['#999998', '#8B8B8B']"
org.coopersoft.elcalcfree,org.coopersoft.elcalcfree.Main,TextView,"['#999998', '#828282']","['#828282', '#999998']"
com.ADLS.steamproperty,com.ADLS.steamproperty.SteamPropertyActivity,Button,"['#909090', '#D0D0D0']","['#F5F5F5', '#535353']"
com.ADLS.steamproperty,com.ADLS.steamproperty.SteamPropertyActivity,TextView,"['#F8F8F8', '#F7F7F7']","['#F5F5F5', '#000000']"
com.ADLS.steamproperty,com.ADLS.steamproperty.SteamPropertyActivity,ImageButton,"['#999999', '#DDDDDD']","['#585858', '#575757']"
com.ADLS.steamproperty,com.ADLS.steamproperty.SplashScreen,EditText,"['#0099CC', '#F3F3F3']","['#F3F3F3', '#F2F2F2']"
com.ADLS.steamproperty,com.ADLS.steamproperty.SplashScreen,Button,"['#909090', '#D0D0D0']","['#D0D0D0', '#D1D1D1']"
com.ADLS.steamproperty,com.ADLS.steamproperty.SplashScreen,TextView,"['#F8F8F8', '#F7F7F7']","['#F7F7F7', '#F8F8F8']"
com.ADLS.steamproperty,com.ADLS.steamproperty.SplashScreen,ImageButton,"['#999999', '#DDDDDD']","['#DDDDDD', '#DADADA']"
com.apusapps.theme.i_purple_flower_4e40c727b0,com.apusapps.theme.ui.ThemeMainActivity,Button,"['#FFFFFF', '#7D7BE6']","['#7D7BE6', '#FFFFFF']"
com.apusapps.theme.i_purple_flower_4e40c727b0,com.apusapps.theme.ui.LauncherIntroductionActivity,Button,"['#FFFFFF', '#7D7BE6']","['#7D7BE6', '#FFFFFF']"
jp.co.hateblo.bomberhead_lab.e_alcohol_calendar2,jp.co.hateblo.bomberhead_lab.e_alcohol_calendar2.EventCalendarActivity,TextView,"['#FF1493', '#FFC0CB']","['#FFC0CB', '#FF1493']"
jp.co.hateblo.bomberhead_lab.e_alcohol_calendar2,jp.co.hateblo.bomberhead_lab.e_alcohol_calendar2.EventCalendarActivity,TextView,"['#FFFFFF', '#FFB6C1']","['#87CEEB', '#FFFFFF']"
jp.co.hateblo.bomberhead_lab.e_alcohol_calendar2,jp.co.hateblo.bomberhead_lab.e_alcohol_calendar2.EventCalendarActivity,TextView,"['#BEBEBE', '#FFFAF0']","['#FFFAF0', '#BEBEBE']"
jp.co.hateblo.bomberhead_lab.e_alcohol_calendar2,jp.co.hateblo.bomberhead_lab.e_alcohol_calendar2.EventCalendarActivity,TextView,"['#BEBEBE', '#FFFAF0']","['#FFFAF0', '#BEBEBE']"
jp.co.hateblo.bomberhead_lab.e_alcohol_calendar2,jp.co.hateblo.bomberhead_lab.e_alcohol_calendar2.EventCalendarActivity,TextView,"['#BEBEBE', '#FFFAF0']","['#FFFAF0', '#BEBEBE']"
jp.co.hateblo.bomberhead_lab.e_alcohol_calendar2,jp.co.hateblo.bomberhead_lab.e_alcohol_calendar2.EventCalendarActivity,TextView,"['#BEBEBE', '#FFFAF0']","['#FFFAF0', '#BEBEBE']"
jp.co.hateblo.bomberhead_lab.e_alcohol_calendar2,jp.co.hateblo.bomberhead_lab.e_alcohol_calendar2.EventCalendarActivity,TextView,"['#BEBEBE', '#FFFAF0']","['#FFFAF0', '#BEBEBE']"
jp.co.hateblo.bomberhead_lab.e_alcohol_calendar2,jp.co.hateblo.bomberhead_lab.e_alcohol_calendar2.EventCalendarActivity,TextView,"['#BEBEBE', '#FFFAF0']","['#FFFAF0', '#BEBEBE']"
jp.co.hateblo.bomberhead_lab.e_alcohol_calendar2,jp.co.hateblo.bomberhead_lab.e_alcohol_calendar2.EventCalendarActivity,TextView,"['#FFFFFF', '#87CEEB']","['#87CEEB', '#FFFFFF']"
jp.co.hateblo.bomberhead_lab.e_alcohol_calendar2,jp.co.hateblo.bomberhead_lab.e_alcohol_calendar2.EventCalendarActivity,TextView,"['#BEBEBE', '#FFFAF0']","['#FFFAF0', '#BEBEBE']"
jp.co.hateblo.bomberhead_lab.e_alcohol_calendar2,jp.co.hateblo.bomberhead_lab.e_alcohol_calendar2.EventCalendarActivity,TextView,"['#FFFFFF', '#FFB6C1']","['#87CEEB', '#FFFFFF']"
jp.co.hateblo.bomberhead_lab.e_alcohol_calendar2,jp.co.hateblo.bomberhead_lab.e_alcohol_calendar2.EventCalendarActivity,TextView,"['#BEBEBE', '#FFFAF0']","['#FFFAF0', '#BEBEBE']"
jp.co.hateblo.bomberhead_lab.e_alcohol_calendar2,jp.co.hateblo.bomberhead_lab.e_alcohol_calendar2.EventCalendarActivity,TextView,"['#BEBEBE', '#FFFAF0']","['#FFFAF0', '#BEBEBE']"
jp.co.hateblo.bomberhead_lab.e_alcohol_calendar2,jp.co.hateblo.bomberhead_lab.e_alcohol_calendar2.EventCalendarActivity,TextView,"['#BEBEBE', '#FFFAF0']","['#FFFAF0', '#BEBEBE']"
jp.co.hateblo.bomberhead_lab.e_alcohol_calendar2,jp.co.hateblo.bomberhead_lab.e_alcohol_calendar2.EventCalendarActivity,TextView,"['#BEBEBE', '#FFFAF0']","['#FFFAF0', '#BEBEBE']"
jp.co.hateblo.bomberhead_lab.e_alcohol_calendar2,jp.co.hateblo.bomberhead_lab.e_alcohol_calendar2.EventCalendarActivity,TextView,"['#BEBEBE', '#FFFAF0']","['#FFFAF0', '#BEBEBE']"
jp.co.hateblo.bomberhead_lab.e_alcohol_calendar2,jp.co.hateblo.bomberhead_lab.e_alcohol_calendar2.EventCalendarActivity,TextView,"['#BEBEBE', '#FFFAF0']","['#FFFAF0', '#BEBEBE']"
jp.co.hateblo.bomberhead_lab.e_alcohol_calendar2,jp.co.hateblo.bomberhead_lab.e_alcohol_calendar2.EventCalendarActivity,TextView,"['#FFFFFF', '#87CEEB']","['#87CEEB', '#FFFFFF']"
jp.co.hateblo.bomberhead_lab.e_alcohol_calendar2,jp.co.hateblo.bomberhead_lab.e_alcohol_calendar2.EventCalendarActivity,TextView,"['#BEBEBE', '#FFFAF0']","['#FFFAF0', '#BEBEBE']"
jp.co.hateblo.bomberhead_lab.e_alcohol_calendar2,jp.co.hateblo.bomberhead_lab.e_alcohol_calendar2.EventCalendarActivity,TextView,"['#FFFFFF', '#FFB6C1']","['#87CEEB', '#FFFFFF']"
jp.co.hateblo.bomberhead_lab.e_alcohol_calendar2,jp.co.hateblo.bomberhead_lab.e_alcohol_calendar2.EventCalendarActivity,TextView,"['#BEBEBE', '#FFFAF0']","['#FFFAF0', '#BEBEBE']"
jp.co.hateblo.bomberhead_lab.e_alcohol_calendar2,jp.co.hateblo.bomberhead_lab.e_alcohol_calendar2.EventCalendarActivity,TextView,"['#BEBEBE', '#FFFAF0']","['#FFFAF0', '#BEBEBE']"
jp.co.hateblo.bomberhead_lab.e_alcohol_calendar2,jp.co.hateblo.bomberhead_lab.e_alcohol_calendar2.EventCalendarActivity,TextView,"['#BEBEBE', '#FFFAF0']","['#FFFAF0', '#BEBEBE']"
jp.co.hateblo.bomberhead_lab.e_alcohol_calendar2,jp.co.hateblo.bomberhead_lab.e_alcohol_calendar2.EventCalendarActivity,TextView,"['#BEBEBE', '#FFFAF0']","['#FFFAF0', '#BEBEBE']"
jp.co.hateblo.bomberhead_lab.e_alcohol_calendar2,jp.co.hateblo.bomberhead_lab.e_alcohol_calendar2.EventCalendarActivity,TextView,"['#BEBEBE', '#FFFAF0']","['#FFFAF0', '#BEBEBE']"
jp.co.hateblo.bomberhead_lab.e_alcohol_calendar2,jp.co.hateblo.bomberhead_lab.e_alcohol_calendar2.EventCalendarActivity,TextView,"['#BEBEBE', '#FFFAF0']","['#FFFAF0', '#BEBEBE']"
jp.co.hateblo.bomberhead_lab.e_alcohol_calendar2,jp.co.hateblo.bomberhead_lab.e_alcohol_calendar2.EventCalendarActivity,TextView,"['#FFFFFF', '#87CEEB']","['#87CEEB', '#FFFFFF']"
jp.co.hateblo.bomberhead_lab.e_alcohol_calendar2,jp.co.hateblo.bomberhead_lab.e_alcohol_calendar2.EventCalendarActivity,TextView,"['#BEBEBE', '#FFFAF0']","['#FFFAF0', '#BEBEBE']"
jp.co.hateblo.bomberhead_lab.e_alcohol_calendar2,jp.co.hateblo.bomberhead_lab.e_alcohol_calendar2.EventCalendarActivity,TextView,"['#FFFFFF', '#FFB6C1']","['#87CEEB', '#FFFFFF']"
jp.co.hateblo.bomberhead_lab.e_alcohol_calendar2,jp.co.hateblo.bomberhead_lab.e_alcohol_calendar2.EventCalendarActivity,TextView,"['#BEBEBE', '#FFFAF0']","['#FFFAF0', '#BEBEBE']"
jp.co.hateblo.bomberhead_lab.e_alcohol_calendar2,jp.co.hateblo.bomberhead_lab.e_alcohol_calendar2.EventCalendarActivity,TextView,"['#BEBEBE', '#FFFAF0']","['#FFFAF0', '#BEBEBE']"
jp.co.hateblo.bomberhead_lab.e_alcohol_calendar2,jp.co.hateblo.bomberhead_lab.e_alcohol_calendar2.EventCalendarActivity,TextView,"['#BEBEBE', '#FFFAF0']","['#FFFAF0', '#BEBEBE']"
jp.co.hateblo.bomberhead_lab.e_alcohol_calendar2,jp.co.hateblo.bomberhead_lab.e_alcohol_calendar2.EventCalendarActivity,TextView,"['#BEBEBE', '#FFFAF0']","['#FFFAF0', '#BEBEBE']"
jp.co.hateblo.bomberhead_lab.e_alcohol_calendar2,jp.co.hateblo.bomberhead_lab.e_alcohol_calendar2.EventCalendarActivity,TextView,"['#BEBEBE', '#FFFAF0']","['#FFFAF0', '#BEBEBE']"
jp.co.hateblo.bomberhead_lab.e_alcohol_calendar2,jp.co.hateblo.bomberhead_lab.e_alcohol_calendar2.EventCalendarActivity,TextView,"['#BEBEBE', '#FFFAF0']","['#FFFAF0', '#BEBEBE']"
jp.co.hateblo.bomberhead_lab.e_alcohol_calendar2,jp.co.hateblo.bomberhead_lab.e_alcohol_calendar2.EventCalendarActivity,TextView,"['#FFFFFF', '#87CEEB']","['#87CEEB', '#FFFFFF']"
jp.co.hateblo.bomberhead_lab.e_alcohol_calendar2,jp.co.hateblo.bomberhead_lab.e_alcohol_calendar2.EventCalendarActivity,TextView,"['#BEBEBE', '#FFFAF0']","['#FFFAF0', '#BEBEBE']"
jp.co.hateblo.bomberhead_lab.e_alcohol_calendar2,jp.co.hateblo.bomberhead_lab.e_alcohol_calendar2.EventCalendarActivity,TextView,"['#FFFFFF', '#FFB6C1']","['#87CEEB', '#FFFFFF']"
jp.co.hateblo.bomberhead_lab.e_alcohol_calendar2,jp.co.hateblo.bomberhead_lab.e_alcohol_calendar2.EventCalendarActivity,TextView,"['#BEBEBE', '#FFFAF0']","['#FFFAF0', '#BEBEBE']"
jp.co.hateblo.bomberhead_lab.e_alcohol_calendar2,jp.co.hateblo.bomberhead_lab.e_alcohol_calendar2.EventCalendarActivity,TextView,"['#BEBEBE', '#FFFAF0']","['#FFFAF0', '#BEBEBE']"
jp.co.hateblo.bomberhead_lab.e_alcohol_calendar2,jp.co.hateblo.bomberhead_lab.e_alcohol_calendar2.EventCalendarActivity,TextView,"['#BEBEBE', '#FFFAF0']","['#FFFAF0', '#BEBEBE']"
jp.co.hateblo.bomberhead_lab.e_alcohol_calendar2,jp.co.hateblo.bomberhead_lab.e_alcohol_calendar2.EventCalendarActivity,TextView,"['#BEBEBE', '#FFFAF0']","['#FFFAF0', '#BEBEBE']"
jp.co.hateblo.bomberhead_lab.e_alcohol_calendar2,jp.co.hateblo.bomberhead_lab.e_alcohol_calendar2.EventCalendarActivity,TextView,"['#BEBEBE', '#FFFAF0']","['#FFFAF0', '#BEBEBE']"
jp.co.hateblo.bomberhead_lab.e_alcohol_calendar2,jp.co.hateblo.bomberhead_lab.e_alcohol_calendar2.EventCalendarActivity,TextView,"['#BEBEBE', '#FFFAF0']","['#FFFAF0', '#BEBEBE']"
jp.co.hateblo.bomberhead_lab.e_alcohol_calendar2,jp.co.hateblo.bomberhead_lab.e_alcohol_calendar2.EventCalendarActivity,TextView,"['#FFFFFF', '#87CEEB']","['#87CEEB', '#FFFFFF']"
jp.co.hateblo.bomberhead_lab.e_alcohol_calendar2,jp.co.hateblo.bomberhead_lab.e_alcohol_calendar2.EventCalendarActivity,TextView,"['#BEBEBE', '#FFFAF0']","['#FFFAF0', '#BEBEBE']"
jp.co.hateblo.bomberhead_lab.e_alcohol_calendar2,jp.co.hateblo.bomberhead_lab.e_alcohol_calendar2.EventCalendarActivity,TextView,"['#FFFFFF', '#FFB6C1']","['#87CEEB', '#FFFFFF']"
jp.co.hateblo.bomberhead_lab.e_alcohol_calendar2,jp.co.hateblo.bomberhead_lab.e_alcohol_calendar2.EventCalendarActivity,TextView,"['#BEBEBE', '#FFFAF0']","['#FFFAF0', '#BEBEBE']"
jp.co.hateblo.bomberhead_lab.e_alcohol_calendar2,jp.co.hateblo.bomberhead_lab.e_alcohol_calendar2.EventCalendarActivity,TextView,"['#BEBEBE', '#FFFAF0']","['#FFFAF0', '#BEBEBE']"
jp.co.hateblo.bomberhead_lab.e_alcohol_calendar2,jp.co.hateblo.bomberhead_lab.e_alcohol_calendar2.EventCalendarActivity,TextView,"['#BEBEBE', '#FFFAF0']","['#FFFAF0', '#BEBEBE']"
jp.co.hateblo.bomberhead_lab.e_alcohol_calendar2,jp.co.hateblo.bomberhead_lab.e_alcohol_calendar2.EventCalendarActivity,TextView,"['#BEBEBE', '#FFFAF0']","['#FFFAF0', '#BEBEBE']"
jp.co.hateblo.bomberhead_lab.e_alcohol_calendar2,jp.co.hateblo.bomberhead_lab.e_alcohol_calendar2.EventCalendarActivity,TextView,"['#BEBEBE', '#FFFAF0']","['#FFFAF0', '#BEBEBE']"
jp.co.hateblo.bomberhead_lab.e_alcohol_calendar2,jp.co.hateblo.bomberhead_lab.e_alcohol_calendar2.EventCalendarActivity,TextView,"['#BEBEBE', '#FFFAF0']","['#FFFAF0', '#BEBEBE']"
jp.co.hateblo.bomberhead_lab.e_alcohol_calendar2,jp.co.hateblo.bomberhead_lab.e_alcohol_calendar2.EventCalendarActivity,TextView,"['#FFFFFF', '#87CEEB']","['#87CEEB', '#FFFFFF']"
jp.co.hateblo.bomberhead_lab.e_alcohol_calendar2,jp.co.hateblo.bomberhead_lab.e_alcohol_calendar2.EventCalendarActivity,TextView,"['#BEBEBE', '#FFFAF0']","['#FFFAF0', '#BEBEBE']"
jp.co.hateblo.bomberhead_lab.e_alcohol_calendar2,jp.co.hateblo.bomberhead_lab.e_alcohol_calendar2.EventCalendarActivity,TextView,"['#808080', '#F5DEB3']","['#F5DEB3', '#808080']"
jp.co.hateblo.bomberhead_lab.e_alcohol_calendar2,jp.co.hateblo.bomberhead_lab.e_alcohol_calendar2.EventCalendarActivity,TextView,"['#FFFFFF', '#808080']","['#808080', '#FFFFFF']"
jp.co.hateblo.bomberhead_lab.e_alcohol_calendar2,jp.co.hateblo.bomberhead_lab.e_alcohol_calendar2.EventCalendarActivity,TextView,"['#FFFFFF', '#808080']","['#808080', '#FFFFFF']"
jp.co.hateblo.bomberhead_lab.e_alcohol_calendar2,jp.co.hateblo.bomberhead_lab.e_alcohol_calendar2.EventCalendarActivity,TextView,"['#FFFFFF', '#808080']","['#808080', '#FFFFFF']"
jp.co.hateblo.bomberhead_lab.e_alcohol_calendar2,jp.co.hateblo.bomberhead_lab.e_alcohol_calendar2.EventCalendarActivity,TextView,"['#FFFFFF', '#808080']","['#808080', '#FFFFFF']"
jp.co.hateblo.bomberhead_lab.e_alcohol_calendar2,jp.co.hateblo.bomberhead_lab.e_alcohol_calendar2.EventCalendarActivity,TextView,"['#FFFFFF', '#808080']","['#808080', '#FFFFFF']"
jp.co.hateblo.bomberhead_lab.e_alcohol_calendar2,jp.co.hateblo.bomberhead_lab.e_alcohol_calendar2.EventCalendarActivity,TextView,"['#FFFFFF', '#808080']","['#87CEEB', '#FFFFFF']"
jp.co.hateblo.bomberhead_lab.e_alcohol_calendar2,jp.co.hateblo.bomberhead_lab.e_alcohol_calendar2.EventCalendarActivity,TextView,"['#FFFFFF', '#808080']","['#FFB6C1', '#FFFFFF']"
jp.co.hateblo.bomberhead_lab.e_alcohol_calendar2,jp.co.hateblo.bomberhead_lab.e_alcohol_calendar2.EventCalendarActivity,TextView,"['#FFFFFF', '#808080']","['#808080', '#FFFFFF']"
jp.co.hateblo.bomberhead_lab.e_alcohol_calendar2,jp.co.hateblo.bomberhead_lab.e_alcohol_calendar2.EventCalendarActivity,TextView,"['#FFFFFF', '#808080']","['#808080', '#FFFFFF']"
jp.co.hateblo.bomberhead_lab.e_alcohol_calendar2,jp.co.hateblo.bomberhead_lab.e_alcohol_calendar2.EventCalendarActivity,TextView,"['#FFFFFF', '#808080']","['#808080', '#FFFFFF']"
jp.co.hateblo.bomberhead_lab.e_alcohol_calendar2,jp.co.hateblo.bomberhead_lab.e_alcohol_calendar2.EventCalendarActivity,TextView,"['#FFFFFF', '#808080']","['#808080', '#FFFFFF']"
jp.co.hateblo.bomberhead_lab.e_alcohol_calendar2,jp.co.hateblo.bomberhead_lab.e_alcohol_calendar2.EventCalendarActivity,TextView,"['#FFFFFF', '#808080']","['#808080', '#FFFFFF']"
jp.co.hateblo.bomberhead_lab.e_alcohol_calendar2,jp.co.hateblo.bomberhead_lab.e_alcohol_calendar2.EventCalendarActivity,TextView,"['#FFFFFF', '#808080']","['#87CEEB', '#FFFFFF']"
jp.co.hateblo.bomberhead_lab.e_alcohol_calendar2,jp.co.hateblo.bomberhead_lab.e_alcohol_calendar2.EventCalendarActivity,TextView,"['#FFFFFF', '#808080']","['#FFB6C1', '#FFFFFF']"
jp.co.hateblo.bomberhead_lab.e_alcohol_calendar2,jp.co.hateblo.bomberhead_lab.e_alcohol_calendar2.EventCalendarActivity,TextView,"['#FFFFFF', '#808080']","['#808080', '#FFFFFF']"
jp.co.hateblo.bomberhead_lab.e_alcohol_calendar2,jp.co.hateblo.bomberhead_lab.e_alcohol_calendar2.EventCalendarActivity,TextView,"['#FFFFFF', '#808080']","['#808080', '#FFFFFF']"
jp.co.hateblo.bomberhead_lab.e_alcohol_calendar2,jp.co.hateblo.bomberhead_lab.e_alcohol_calendar2.EventCalendarActivity,TextView,"['#FFFFFF', '#808080']","['#808080', '#FFFFFF']"
jp.co.hateblo.bomberhead_lab.e_alcohol_calendar2,jp.co.hateblo.bomberhead_lab.e_alcohol_calendar2.EventCalendarActivity,TextView,"['#FFFFFF', '#808080']","['#808080', '#FFFFFF']"
jp.co.hateblo.bomberhead_lab.e_alcohol_calendar2,jp.co.hateblo.bomberhead_lab.e_alcohol_calendar2.EventCalendarActivity,TextView,"['#FFFFFF', '#808080']","['#808080', '#FFFFFF']"
jp.co.hateblo.bomberhead_lab.e_alcohol_calendar2,jp.co.hateblo.bomberhead_lab.e_alcohol_calendar2.EventCalendarActivity,TextView,"['#FFFFFF', '#808080']","['#87CEEB', '#FFFFFF']"
jp.co.hateblo.bomberhead_lab.e_alcohol_calendar2,jp.co.hateblo.bomberhead_lab.e_alcohol_calendar2.EventCalendarActivity,TextView,"['#FFFFFF', '#808080']","['#FFB6C1', '#FFFFFF']"
jp.co.hateblo.bomberhead_lab.e_alcohol_calendar2,jp.co.hateblo.bomberhead_lab.e_alcohol_calendar2.EventCalendarActivity,TextView,"['#FFFFFF', '#808080']","['#808080', '#FFFFFF']"
jp.co.hateblo.bomberhead_lab.e_alcohol_calendar2,jp.co.hateblo.bomberhead_lab.e_alcohol_calendar2.EventCalendarActivity,TextView,"['#FFFFFF', '#808080']","['#808080', '#FFFFFF']"
jp.co.hateblo.bomberhead_lab.e_alcohol_calendar2,jp.co.hateblo.bomberhead_lab.e_alcohol_calendar2.EventCalendarActivity,TextView,"['#FFFFFF', '#808080']","['#808080', '#FFFFFF']"
jp.co.hateblo.bomberhead_lab.e_alcohol_calendar2,jp.co.hateblo.bomberhead_lab.e_alcohol_calendar2.EventCalendarActivity,TextView,"['#FFFFFF', '#808080']","['#808080', '#FFFFFF']"
jp.co.hateblo.bomberhead_lab.e_alcohol_calendar2,jp.co.hateblo.bomberhead_lab.e_alcohol_calendar2.EventCalendarActivity,TextView,"['#FFFFFF', '#808080']","['#808080', '#FFFFFF']"
jp.co.hateblo.bomberhead_lab.e_alcohol_calendar2,jp.co.hateblo.bomberhead_lab.e_alcohol_calendar2.EventCalendarActivity,TextView,"['#FFFFFF', '#808080']","['#87CEEB', '#FFFFFF']"
jp.co.hateblo.bomberhead_lab.e_alcohol_calendar2,jp.co.hateblo.bomberhead_lab.e_alcohol_calendar2.EventCalendarActivity,TextView,"['#FFFFFF', '#808080']","['#FFB6C1', '#FFFFFF']"
jp.co.hateblo.bomberhead_lab.e_alcohol_calendar2,jp.co.hateblo.bomberhead_lab.e_alcohol_calendar2.EventCalendarActivity,TextView,"['#FFFFFF', '#808080']","['#808080', '#FFFFFF']"
jp.co.hateblo.bomberhead_lab.e_alcohol_calendar2,jp.co.hateblo.bomberhead_lab.e_alcohol_calendar2.EventCalendarActivity,TextView,"['#FFFFFF', '#808080']","['#808080', '#FFFFFF']"
jp.co.hateblo.bomberhead_lab.e_alcohol_calendar2,jp.co.hateblo.bomberhead_lab.e_alcohol_calendar2.EventCalendarActivity,TextView,"['#FFFFFF', '#808080']","['#808080', '#FFFFFF']"
jp.co.hateblo.bomberhead_lab.e_alcohol_calendar2,jp.co.hateblo.bomberhead_lab.e_alcohol_calendar2.EventCalendarActivity,TextView,"['#FFFFFF', '#808080']","['#808080', '#FFFFFF']"
jp.co.hateblo.bomberhead_lab.e_alcohol_calendar2,jp.co.hateblo.bomberhead_lab.e_alcohol_calendar2.EventCalendarActivity,TextView,"['#FFFFFF', '#808080']","['#808080', '#FFFFFF']"
jp.co.hateblo.bomberhead_lab.e_alcohol_calendar2,jp.co.hateblo.bomberhead_lab.e_alcohol_calendar2.EventCalendarActivity,TextView,"['#FFFFFF', '#808080']","['#87CEEB', '#FFFFFF']"
jp.co.hateblo.bomberhead_lab.e_alcohol_calendar2,jp.co.hateblo.bomberhead_lab.e_alcohol_calendar2.EventCalendarActivity,TextView,"['#FFFFFF', '#808080']","['#FFB6C1', '#FFFFFF']"
jp.co.hateblo.bomberhead_lab.e_alcohol_calendar2,jp.co.hateblo.bomberhead_lab.e_alcohol_calendar2.Konomama,TextView,"['#FFFFFF', '#E46C0A']","['#E46C0A', '#F3A768']"
jp.co.hateblo.bomberhead_lab.e_alcohol_calendar2,jp.co.hateblo.bomberhead_lab.e_alcohol_calendar2.Konomama,TextView,"['#FFFFFF', '#E46C0A']","['#E46C0A', '#F3A667']"
jp.co.hateblo.bomberhead_lab.e_alcohol_calendar2,jp.co.hateblo.bomberhead_lab.e_alcohol_calendar2.Konomama,TextView,"['#FFFFFF', '#E46C0A']","['#E46C0A', '#FFFFFF']"
jp.co.hateblo.bomberhead_lab.e_alcohol_calendar2,jp.co.hateblo.bomberhead_lab.e_alcohol_calendar2.Konomama,TextView,"['#FFFFFF', '#E46C0A']","['#E46C0A', '#F3A667']"
jp.co.hateblo.bomberhead_lab.e_alcohol_calendar2,jp.co.hateblo.bomberhead_lab.e_alcohol_calendar2.Konomama,TextView,"['#FFFFFF', '#E46C0A']","['#E46C0A', '#F3A667']"
jp.co.hateblo.bomberhead_lab.e_alcohol_calendar2,jp.co.hateblo.bomberhead_lab.e_alcohol_calendar2.Konomama,TextView,"['#FFFFFF', '#E46C0A']","['#E46C0A', '#FFFFFF']"
jp.co.hateblo.bomberhead_lab.e_alcohol_calendar2,jp.co.hateblo.bomberhead_lab.e_alcohol_calendar2.Konomama,TextView,"['#FFFFFF', '#E46C0A']","['#E46C0A', '#FFFFFF']"
jp.co.hateblo.bomberhead_lab.e_alcohol_calendar2,jp.co.hateblo.bomberhead_lab.e_alcohol_calendar2.Konomama,TextView,"['#FFFFFF', '#E46C0A']","['#E46C0A', '#EB8A39']"
jp.co.hateblo.bomberhead_lab.e_alcohol_calendar2,jp.co.hateblo.bomberhead_lab.e_alcohol_calendar2.Konomama,TextView,"['#FFFFFF', '#E46C0A']","['#E46C0A', '#FFFFFF']"
jp.co.hateblo.bomberhead_lab.e_alcohol_calendar2,jp.co.hateblo.bomberhead_lab.e_alcohol_calendar2.Konomama,TextView,"['#FFFFFF', '#E46C0A']","['#E46C0A', '#FFFFFF']"
jp.co.hateblo.bomberhead_lab.e_alcohol_calendar2,jp.co.hateblo.bomberhead_lab.e_alcohol_calendar2.Konomama,TextView,"['#FFFFFF', '#E46C0A']","['#E46C0A', '#EB8A39']"
jp.co.hateblo.bomberhead_lab.e_alcohol_calendar2,jp.co.hateblo.bomberhead_lab.e_alcohol_calendar2.Konomama,TextView,"['#FFFFFF', '#E46C0A']","['#E46C0A', '#FFFFFF']"
jp.co.hateblo.bomberhead_lab.e_alcohol_calendar2,jp.co.hateblo.bomberhead_lab.e_alcohol_calendar2.Konomama,TextView,"['#FFFFFF', '#E46C0A']","['#E46C0A', '#FFFFFF']"
jp.co.hateblo.bomberhead_lab.e_alcohol_calendar2,jp.co.hateblo.bomberhead_lab.e_alcohol_calendar2.Konomama,TextView,"['#FFFFFF', '#E46C0A']","['#E46C0A', '#E97C25']"
jp.co.hateblo.bomberhead_lab.e_alcohol_calendar2,jp.co.hateblo.bomberhead_lab.e_alcohol_calendar2.Konomama,TextView,"['#FFFFFF', '#E46C0A']","['#E46C0A', '#FFFFFF']"
jp.co.hateblo.bomberhead_lab.e_alcohol_calendar2,jp.co.hateblo.bomberhead_lab.e_alcohol_calendar2.Konomama,TextView,"['#FFFFFF', '#E46C0A']","['#E46C0A', '#E97C25']"
jp.co.hateblo.bomberhead_lab.e_alcohol_calendar2,jp.co.hateblo.bomberhead_lab.e_alcohol_calendar2.Konomama,TextView,"['#FFFFFF', '#E46C0A']","['#E46C0A', '#FFFEFC']"
jp.co.hateblo.bomberhead_lab.e_alcohol_calendar2,jp.co.hateblo.bomberhead_lab.e_alcohol_calendar2.Konomama,TextView,"['#FFFFFF', '#E46C0A']","['#E46C0A', '#F1BB80']"
jp.co.hateblo.bomberhead_lab.e_alcohol_calendar2,jp.co.hateblo.bomberhead_lab.e_alcohol_calendar2.Kakakuhyou,EditText,"['#FB9B27', '#FFFFFF']","['#FFFFFF', '#FFFEFB']"
jp.co.hateblo.bomberhead_lab.e_alcohol_calendar2,jp.co.hateblo.bomberhead_lab.e_alcohol_calendar2.Kakakuhyou,EditText,"['#C9BEAB', '#FFFFFF']","['#FFFFFF', '#F5DEB3']"
jp.co.hateblo.bomberhead_lab.e_alcohol_calendar2,jp.co.hateblo.bomberhead_lab.e_alcohol_calendar2.Kakakuhyou,EditText,"['#C9BEAB', '#FFFFFF']","['#FFFFFF', '#F5DEB3']"
jp.co.hateblo.bomberhead_lab.e_alcohol_calendar2,jp.co.hateblo.bomberhead_lab.e_alcohol_calendar2.Kakakuhyou,EditText,"['#C9BEAB', '#FFFFFF']","['#FFFFFF', '#F5DEB3']"
jp.co.hateblo.bomberhead_lab.e_alcohol_calendar2,jp.co.hateblo.bomberhead_lab.e_alcohol_calendar2.Kakakuhyou,EditText,"['#C9BEAB', '#FFFFFF']","['#FFFFFF', '#F5DEB3']"
jp.co.hateblo.bomberhead_lab.e_alcohol_calendar2,jp.co.hateblo.bomberhead_lab.e_alcohol_calendar2.Kakakuhyou,EditText,"['#C9BEAB', '#FFFFFF']","['#FFFFFF', '#F5DEB3']"
jp.co.hateblo.bomberhead_lab.e_alcohol_calendar2,jp.co.hateblo.bomberhead_lab.e_alcohol_calendar2.Kakakuhyou,TextView,"['#F5DEB3', '#EDAC67']","['#F0BF85', '#EB9B50']"
jp.co.hateblo.bomberhead_lab.e_alcohol_calendar2,jp.co.hateblo.bomberhead_lab.e_alcohol_calendar2.Kakakuhyou,EditText,"['#F1DAB0', '#F5DEB3']","['#F5DEB3', '#F4DEB5']"
jp.co.hateblo.bomberhead_lab.e_alcohol_calendar2,jp.co.hateblo.bomberhead_lab.e_alcohol_calendar2.Kakakuhyou,TextView,"['#FFFFFF', '#E46C0A']","['#E46C0A', '#FFFFFF']"
jp.co.hateblo.bomberhead_lab.e_alcohol_calendar2,jp.co.hateblo.bomberhead_lab.e_alcohol_calendar2.Kakakuhyou,TextView,"['#696969', '#F5DEB3']","['#F5DEB3', '#696969']"
jp.co.hateblo.bomberhead_lab.e_alcohol_calendar2,jp.co.hateblo.bomberhead_lab.e_alcohol_calendar2.Kakakuhyou,TextView,"['#696969', '#F5DEB3']","['#F5DEB3', '#696969']"
jp.co.hateblo.bomberhead_lab.e_alcohol_calendar2,jp.co.hateblo.bomberhead_lab.e_alcohol_calendar2.Kakakuhyou,TextView,"['#696969', '#F5DEB3']","['#F5DEB3', '#696969']"
jp.co.hateblo.bomberhead_lab.e_alcohol_calendar2,jp.co.hateblo.bomberhead_lab.e_alcohol_calendar2.Kakakuhyou,TextView,"['#696969', '#F5DEB3']","['#F5DEB3', '#696969']"
jp.co.hateblo.bomberhead_lab.e_alcohol_calendar2,jp.co.hateblo.bomberhead_lab.e_alcohol_calendar2.Kakakuhyou,TextView,"['#696969', '#F5DEB3']","['#F5DEB3', '#696969']"
jp.co.hateblo.bomberhead_lab.e_alcohol_calendar2,jp.co.hateblo.bomberhead_lab.e_alcohol_calendar2.Kakakuhyou,TextView,"['#696969', '#F5DEB3']","['#F5DEB3', '#696969']"
jp.co.hateblo.bomberhead_lab.e_alcohol_calendar2,jp.co.hateblo.bomberhead_lab.e_alcohol_calendar2.Shuturyoku,TextView,"['#FFFFFF', '#FFA07A']","['#FFA07A', '#FFFFFF']"
jp.co.hateblo.bomberhead_lab.e_alcohol_calendar2,jp.co.hateblo.bomberhead_lab.e_alcohol_calendar2.Shuturyoku,TextView,"['#FFFFFF', '#FFA07A']","['#FFA07A', '#FFFFFF']"
jp.co.hateblo.bomberhead_lab.e_alcohol_calendar2,jp.co.hateblo.bomberhead_lab.e_alcohol_calendar2.Shuturyoku,TextView,"['#696969', '#F5DEB3']","['#F5DEB3', '#696969']"
jp.co.hateblo.bomberhead_lab.e_alcohol_calendar2,jp.co.hateblo.bomberhead_lab.e_alcohol_calendar2.Shuturyoku,TextView,"['#696969', '#F5DEB3']","['#F5DEB3', '#696969']"
jp.co.hateblo.bomberhead_lab.e_alcohol_calendar2,jp.co.hateblo.bomberhead_lab.e_alcohol_calendar2.Shuturyoku,TextView,"['#696969', '#F5DEB3']","['#F5DEB3', '#696969']"
jp.co.hateblo.bomberhead_lab.e_alcohol_calendar2,jp.co.hateblo.bomberhead_lab.e_alcohol_calendar2.Shuturyoku,TextView,"['#696969', '#F5DEB3']","['#F5DEB3', '#696969']"
jp.co.hateblo.bomberhead_lab.e_alcohol_calendar2,jp.co.hateblo.bomberhead_lab.e_alcohol_calendar2.Shuturyoku,TextView,"['#696969', '#F5DEB3']","['#F5DEB3', '#696969']"
jp.co.hateblo.bomberhead_lab.e_alcohol_calendar2,jp.co.hateblo.bomberhead_lab.e_alcohol_calendar2.Shuturyoku,TextView,"['#696969', '#F5DEB3']","['#F5DEB3', '#696969']"
jp.co.hateblo.bomberhead_lab.e_alcohol_calendar2,jp.co.hateblo.bomberhead_lab.e_alcohol_calendar2.Shuturyoku,TextView,"['#696969', '#F5DEB3']","['#F5DEB3', '#696969']"
jp.co.hateblo.bomberhead_lab.e_alcohol_calendar2,jp.co.hateblo.bomberhead_lab.e_alcohol_calendar2.Shuturyoku,TextView,"['#696969', '#F5DEB3']","['#F5DEB3', '#696969']"
jp.co.hateblo.bomberhead_lab.e_alcohol_calendar2,jp.co.hateblo.bomberhead_lab.e_alcohol_calendar2.Shuturyoku,TextView,"['#696969', '#F5DEB3']","['#F5DEB3', '#696969']"
jp.co.hateblo.bomberhead_lab.e_alcohol_calendar2,jp.co.hateblo.bomberhead_lab.e_alcohol_calendar2.Shuturyoku,TextView,"['#696969', '#F5DEB3']","['#F5DEB3', '#696969']"
jp.co.hateblo.bomberhead_lab.e_alcohol_calendar2,jp.co.hateblo.bomberhead_lab.e_alcohol_calendar2.Shuturyoku,TextView,"['#696969', '#F5DEB3']","['#F5DEB3', '#696969']"
jp.co.hateblo.bomberhead_lab.e_alcohol_calendar2,jp.co.hateblo.bomberhead_lab.e_alcohol_calendar2.Shuturyoku,TextView,"['#696969', '#F5DEB3']","['#F5DEB3', '#696969']"
jp.co.hateblo.bomberhead_lab.e_alcohol_calendar2,jp.co.hateblo.bomberhead_lab.e_alcohol_calendar2.Shuturyoku,TextView,"['#696969', '#F5DEB3']","['#F5DEB3', '#696969']"
jp.co.hateblo.bomberhead_lab.e_alcohol_calendar2,jp.co.hateblo.bomberhead_lab.e_alcohol_calendar2.Shuturyoku,TextView,"['#696969', '#F5DEB3']","['#F5DEB3', '#696969']"
jp.co.hateblo.bomberhead_lab.e_alcohol_calendar2,jp.co.hateblo.bomberhead_lab.e_alcohol_calendar2.Shuturyoku,TextView,"['#696969', '#F5DEB3']","['#F5DEB3', '#696969']"
jp.co.hateblo.bomberhead_lab.e_alcohol_calendar2,jp.co.hateblo.bomberhead_lab.e_alcohol_calendar2.Shuturyoku,TextView,"['#696969', '#F5DEB3']","['#F5DEB3', '#696969']"
jp.co.hateblo.bomberhead_lab.e_alcohol_calendar2,jp.co.hateblo.bomberhead_lab.e_alcohol_calendar2.Shuturyoku,TextView,"['#696969', '#F5DEB3']","['#F5DEB3', '#696969']"
jp.co.hateblo.bomberhead_lab.e_alcohol_calendar2,jp.co.hateblo.bomberhead_lab.e_alcohol_calendar2.Shuturyoku,TextView,"['#696969', '#F5DEB3']","['#F5DEB3', '#696969']"
jp.co.hateblo.bomberhead_lab.e_alcohol_calendar2,jp.co.hateblo.bomberhead_lab.e_alcohol_calendar2.Shuturyoku,TextView,"['#696969', '#F5DEB3']","['#F5DEB3', '#696969']"
jp.co.hateblo.bomberhead_lab.e_alcohol_calendar2,jp.co.hateblo.bomberhead_lab.e_alcohol_calendar2.Shuturyoku,TextView,"['#696969', '#F5DEB3']","['#F5DEB3', '#696969']"
jp.co.hateblo.bomberhead_lab.e_alcohol_calendar2,jp.co.hateblo.bomberhead_lab.e_alcohol_calendar2.Shuturyoku,TextView,"['#696969', '#F5DEB3']","['#F5DEB3', '#696969']"
jp.co.hateblo.bomberhead_lab.e_alcohol_calendar2,jp.co.hateblo.bomberhead_lab.e_alcohol_calendar2.Shuturyoku,TextView,"['#696969', '#F5DEB3']","['#F5DEB3', '#696969']"
jp.co.hateblo.bomberhead_lab.e_alcohol_calendar2,jp.co.hateblo.bomberhead_lab.e_alcohol_calendar2.Settei,Button,"['#C29465', '#F5DEB3']","['#FDEADA', '#FAC79C']"
jp.co.hateblo.bomberhead_lab.e_alcohol_calendar2,jp.co.hateblo.bomberhead_lab.e_alcohol_calendar2.Settei,Button,"['#C39567', '#F5DEB3']","['#FDEADA', '#FAE6CC']"
jp.co.hateblo.bomberhead_lab.e_alcohol_calendar2,jp.co.hateblo.bomberhead_lab.e_alcohol_calendar2.Settei,Button,"['#FAC69A', '#FDEADA']","['#FDEADA', '#8B4513']"
jp.co.hateblo.bomberhead_lab.e_alcohol_calendar2,jp.co.hateblo.bomberhead_lab.e_alcohol_calendar2.Settei,Button,"['#FBC059', '#FDEADA']","['#F5DFB5', '#F7E0BB']"
jp.co.hateblo.bomberhead_lab.e_alcohol_calendar2,jp.co.hateblo.bomberhead_lab.e_alcohol_calendar2.Settei,Button,"['#FBC059', '#FDEADA']","['#FDEADA', '#8B4513']"
jp.co.hateblo.bomberhead_lab.e_alcohol_calendar2,jp.co.hateblo.bomberhead_lab.e_alcohol_calendar2.Settei,Button,"['#FAC497', '#FDEADA']","['#F5DFB5', '#F7E0BB']"
jp.co.hateblo.bomberhead_lab.e_alcohol_calendar2,jp.co.hateblo.bomberhead_lab.e_alcohol_calendar2.Settei,Button,"['#FBC059', '#FDEADA']","['#FDEADA', '#FAC79C']"
jp.co.hateblo.bomberhead_lab.e_alcohol_calendar2,jp.co.hateblo.bomberhead_lab.e_alcohol_calendar2.Settei,Button,"['#F6DBB1', '#F5DEB3']","['#FDEADA', '#FAC59A']"
jp.co.hateblo.bomberhead_lab.e_alcohol_calendar2,jp.co.hateblo.bomberhead_lab.e_alcohol_calendar2.Settei,TextView,"['#FFFFFF', '#E46C0A']","['#DCDCDC', '#000000']"
jp.co.hateblo.bomberhead_lab.e_alcohol_calendar2,jp.co.hateblo.bomberhead_lab.e_alcohol_calendar2.Settei,TextView,"['#FFFFFF', '#E46C0A']","['#F5F5F5', '#000000']"
jp.co.hateblo.bomberhead_lab.e_alcohol_calendar2,jp.co.hateblo.bomberhead_lab.e_alcohol_calendar2.Settei,Button,"['#955423', '#F5DEB3']","['#F5DFB5', '#F7E0BB']"
jp.co.hateblo.bomberhead_lab.e_alcohol_calendar2,jp.co.hateblo.bomberhead_lab.e_alcohol_calendar2.Start,TextView,"['#FFFFFF', '#E46C0A']","['#E46C0A', '#FFFFFF']"
jp.co.hateblo.bomberhead_lab.e_alcohol_calendar2,jp.co.hateblo.bomberhead_lab.e_alcohol_calendar2.SplushActivity,TextView,"['#FFFFFF', '#E46C0A']","['#E46C0A', '#FFFFFF']"
jp.co.hateblo.bomberhead_lab.e_alcohol_calendar2,jp.co.hateblo.bomberhead_lab.e_alcohol_calendar2.EventDetailActivity,TextView,"['#8B4513', '#A9A9A9']","['#A9A9A9', '#8B4513']"
jp.co.hateblo.bomberhead_lab.e_alcohol_calendar2,jp.co.hateblo.bomberhead_lab.e_alcohol_calendar2.EventDetailActivity,TextView,"['#8B4513', '#A9A9A9']","['#A9A9A9', '#8B4513']"
jp.co.hateblo.bomberhead_lab.e_alcohol_calendar2,jp.co.hateblo.bomberhead_lab.e_alcohol_calendar2.Setumei,TextView,"['#A3A3A3', '#FFFFFF']","['#FFFFFF', '#F3F3F3']"
com.sedai.pzdrtime,com.sedai.pzdrtime.SettingActivity,EditText,"['#808080', '#FFFFFF']","['#FFFFFF', '#808080']"
com.sedai.pzdrtime,com.sedai.pzdrtime.SubActivity,Button,"['#FFFFFF', '#53933F']","['#66B44E', '#69BA51']"
com.sedai.pzdrtime,com.sedai.pzdrtime.EventActivity,Button,"['#848484', '#D6D6D6']","['#828282', '#CACACA']"
com.sedai.pzdrtime,com.sedai.pzdrtime.MainActivity,Button,"['#848484', '#D6D6D6']","['#838383', '#CACACA']"
pt.creativesolutions.football.android.England,pt.creativesolutions.football.Core.Activities.LiveActivity,TextView,"['#BEBEBE', '#E9E9E9']","['#E9E9E9', '#BEBEBE']"
pt.creativesolutions.football.android.England,pt.creativesolutions.football.Core.Activities.ChatActivity,TextView,"['#BEBEBE', '#E9E9E9']","['#E9E9E9', '#BEBEBE']"
pt.creativesolutions.football.android.England,pt.creativesolutions.football.Core.Activities.CalendarActivity,TextView,"['#BEBEBE', '#E9E9E9']","['#E9E9E9', '#BEBEBE']"
pt.creativesolutions.football.android.England,pt.creativesolutions.football.Core.Activities.NewsActivity,TextView,"['#BEBEBE', '#E9E9E9']","['#E9E9E9', '#BEBEBE']"
pt.creativesolutions.football.android.England,pt.creativesolutions.football.Core.Activities.TableActivity,TextView,"['#BEBEBE', '#E9E9E9']","['#E9E9E9', '#BEBEBE']"
pt.creativesolutions.football.android.England,pt.creativesolutions.football.Core.Activities.TeamActivity,TextView,"['#BEBEBE', '#E9E9E9']","['#E9E9E9', '#BEBEBE']"
pt.creativesolutions.football.android.England,pt.creativesolutions.football.Core.Activities.MoviesActivity,TextView,"['#BEBEBE', '#E9E9E9']","['#E9E9E9', '#BEBEBE']"
pt.creativesolutions.football.android.England,pt.creativesolutions.football.Core.Activities.NewsDetailActivity,TextView,"['#BEBEBE', '#E9E9E9']","['#E9E9E9', '#BEBEBE']"
pt.creativesolutions.football.android.England,pt.creativesolutions.football.Core.Activities.NewsDetailActivity,TextView,"['#BEBEBE', '#E9E9E9']","['#E9E9E9', '#BEBEBE']"
pt.creativesolutions.football.android.England,pt.creativesolutions.football.Core.Activities.PreferencesActivity,TextView,"['#2D2D2D', '#000000']","['#000000', '#BEBEBE']"
info.acturoutes.africatweet,info.acturoutes.africatweet.MainActivity_,ImageButton,"['#727272', '#00BCD4']","['#00BCD4', '#727272']"
com.substitutealert,com.substitutealert.SubstituteAlertActivity,EditText,"['#808080', '#282828']","['#282828', '#808080']"
diamond.cards,diamond.cards.HomeActivity,TextView,"['#999998', '#828282']","['#828282', '#878687']"
diamond.cards,diamond.cards.HomeActivity,ImageView,"['#8A8A8A', '#D7D7D7']","['#CCCCCC', '#8D8C8C']"
diamond.cards,diamond.cards.HomeActivity,ImageView,"['#8A8A8A', '#D7D7D7']","['#000000', '#B58383']"
diamond.cards,diamond.cards.HomeActivity,ImageView,"['#8A8A8A', '#D7D7D7']","['#7C7C7C', '#A0A0A0']"
diamond.cards,diamond.cards.HomeActivity,ImageView,"['#8A8A8A', '#D7D7D7']","['#7C7C7C', '#A0A0A0']"
diamond.cards,diamond.cards.HomeActivity,ImageView,"['#8A8A8A', '#D7D7D7']","['#7C7C7C', '#A0A0A0']"
diamond.cards,diamond.cards.HomeActivity,ImageView,"['#8A8A8A', '#D7D7D7']","['#7C7C7C', '#A0A0A0']"
diamond.cards,diamond.cards.HomeActivity,ImageView,"['#8A8A8A', '#D7D7D7']","['#7C7C7C', '#A0A0A0']"
diamond.cards,diamond.cards.HomeActivity,ImageView,"['#8A8A8A', '#D7D7D7']","['#7C7C7C', '#A0A0A0']"
diamond.cards,diamond.cards.HomeActivity,ImageView,"['#8A8A8A', '#D7D7D7']","['#7C7C7C', '#A0A0A0']"
diamond.cards,diamond.cards.HomeActivity,ImageView,"['#8A8A8A', '#D7D7D7']","['#7C7C7C', '#A0A0A0']"
diamond.cards,diamond.cards.HomeActivity,ImageView,"['#8A8A8A', '#D7D7D7']","['#7C7C7C', '#A0A0A0']"
diamond.cards,diamond.cards.HomeActivity,ImageView,"['#9A9A9A', '#C9C9C9']","['#7C7C7C', '#A0A0A0']"
diamond.cards,diamond.cards.HomeActivity,ImageView,"['#9A9A9A', '#D7D7D7']","['#7C7C7C', '#A0A0A0']"
diamond.cards,diamond.cards.HomeActivity,ImageView,"['#919191', '#C9C9C9']","['#8E8E8E', '#BBBABB']"
diamond.cards,diamond.cards.HomeActivity,ImageView,"['#007B3D', '#BAB8B9']","['#C7C5C6', '#D1D0D1']"
diamond.cards,diamond.cards.ContactUs,TextView,"['#999998', '#828282']","['#828282', '#868686']"
diamond.cards,diamond.cards.ContactUs,ImageView,"['#00BDF2', '#FFFFFF']","['#FFFFFF', '#00BDF1']"
com.bistux.surveyer,com.bistux.surveyer.MainActivity,EditText,"['#32A915', '#FAFAFA']","['#FAFAFA', '#32A915']"
com.bistux.surveyer,com.bistux.surveyer.MainActivity,EditText,"['#3593FF', '#FAFAFA']","['#FAFAFA', '#737373']"
com.bistux.surveyer,com.bistux.surveyer.MainActivity,EditText,"['#FF1809', '#FAFAFA']","['#FAFAFA', '#FF1809']"
a2dp.Vol_133,a2dp.Vol.CustomIntentMaker,TextView,"['#E3E3E3', '#FAFAFA']","['#FAFAFA', '#FFFFFF']"
a2dp.Vol_133,a2dp.Vol.CustomIntentMaker,TextView,"['#FFFFFF', '#FAFAFA']","['#FAFAFA', '#FFFFFF']"
a2dp.Vol_133,a2dp.Vol.CustomIntentMaker,TextView,"['#FFFFFF', '#FAFAFA']","['#FAFAFA', '#FFFFFF']"
a2dp.Vol_133,a2dp.Vol.ProviderList,TextView,"['#FFFFFF', '#FAFAFA']","['#FAFAFA', '#FFFFFF']"
a2dp.Vol_133,a2dp.Vol.AppChooser,TextView,"['#FFFFFF', '#FAFAFA']","['#FAFAFA', '#FFFFFF']"
a2dp.Vol_133,a2dp.Vol.AppChooser,TextView,"['#FFFFFF', '#FAFAFA']","['#FAFAFA', '#FFFFFF']"
a2dp.Vol_133,a2dp.Vol.AppChooser,TextView,"['#FFFFFF', '#FAFAFA']","['#FAFAFA', '#FFFFFF']"
a2dp.Vol_133,a2dp.Vol.AppChooser,TextView,"['#FFFFFF', '#FAFAFA']","['#FAFAFA', '#FFFFFF']"
a2dp.Vol_133,a2dp.Vol.AppChooser,TextView,"['#FFFFFF', '#FAFAFA']","['#FAFAFA', '#FFFFFF']"
a2dp.Vol_133,a2dp.Vol.AppChooser,TextView,"['#FFFFFF', '#FAFAFA']","['#FAFAFA', '#FFFFFF']"
a2dp.Vol_133,a2dp.Vol.AppChooser,TextView,"['#FFFFFF', '#FAFAFA']","['#FAFAFA', '#FFFFFF']"
a2dp.Vol_133,a2dp.Vol.AppChooser,TextView,"['#FFFFFF', '#FAFAFA']","['#FAFAFA', '#FFFFFF']"
a2dp.Vol_133,a2dp.Vol.AppChooser,TextView,"['#FFFFFF', '#FAFAFA']","['#FAFAFA', '#FFFFFF']"
a2dp.Vol_133,a2dp.Vol.AppChooser,TextView,"['#FFFFFF', '#FAFAFA']","['#FAFAFA', '#FFFFFF']"
a2dp.Vol_133,a2dp.Vol.PackagesChooser,TextView,"['#FFFFFF', '#FAFAFA']","['#FAFAFA', '#FFFFFF']"
a2dp.Vol_133,a2dp.Vol.PackagesChooser,TextView,"['#FFFFFF', '#FAFAFA']","['#FAFAFA', '#FFFFFF']"
a2dp.Vol_133,a2dp.Vol.PackagesChooser,TextView,"['#FFFFFF', '#FAFAFA']","['#FAFAFA', '#FFFFFF']"
a2dp.Vol_133,a2dp.Vol.PackagesChooser,TextView,"['#FFFFFF', '#FAFAFA']","['#FAFAFA', '#FFFFFF']"
a2dp.Vol_133,a2dp.Vol.PackagesChooser,TextView,"['#FFFFFF', '#FAFAFA']","['#FAFAFA', '#FFFFFF']"
a2dp.Vol_133,a2dp.Vol.PackagesChooser,TextView,"['#FFFFFF', '#FAFAFA']","['#FAFAFA', '#FFFFFF']"
a2dp.Vol_133,a2dp.Vol.PackagesChooser,TextView,"['#FFFFFF', '#FAFAFA']","['#FAFAFA', '#FFFFFF']"
a2dp.Vol_133,a2dp.Vol.PackagesChooser,TextView,"['#FFFFFF', '#FAFAFA']","['#FAFAFA', '#FFFFFF']"
a2dp.Vol_133,a2dp.Vol.PackagesChooser,TextView,"['#FFFFFF', '#FAFAFA']","['#FAFAFA', '#FFFFFF']"
a2dp.Vol_133,a2dp.Vol.PackagesChooser,TextView,"['#FFFFFF', '#FAFAFA']","['#FAFAFA', '#FFFFFF']"
com.eonsoft.TxtViewer,com.eonsoft.TxtViewer.MainActivity,Button,"['#7EBDDC', '#8AD0F2']","['#D4D8D9', '#8AD0F2']"
com.eonsoft.TxtViewer,com.eonsoft.TxtViewer.Color,Button,"['#84BBF3', '#FFFFFF']","['#4396EA', '#63ABF5']"
com.eonsoft.TxtViewer,com.eonsoft.TxtViewer.Color,Button,"['#FFFFFF', '#84BBF3']","['#4496EA', '#84BBF3']"
com.eonsoft.TxtViewer,com.eonsoft.TxtViewer.FontSize,ImageButton,"['#898989', '#E1E1E1']","['#E1E1E1', '#F2F2F2']"
com.eonsoft.TxtViewer,com.eonsoft.TxtViewer.FontSize,ImageButton,"['#8D8D8D', '#E1E1E1']","['#E1E1E1', '#F3F3F3']"
com.eonsoft.TxtViewer,com.eonsoft.TxtViewer.ListA,TextView,"['#9A9A9A', '#828282']","['#999999', '#828282']"
com.mediosgt.radiofantasi,com.radio.aacttplayer.MainActivity,TextView,"['#2A5947', '#285745']","['#285745', '#295746']"
com.mediosgt.radiofantasi,com.radio.aacttplayer.Informacion,TextView,"['#FCFDFD', '#95ACAE']","['#95ACAE', '#FCFDFD']"
com.mediosgt.radiofantasi,com.radio.aacttplayer.Informacion,TextView,"['#284B75', '#A2B0B1']","['#A2B0B1', '#284B75']"
com.huawei.hwid,com.huawei.hwid.ui.common.login.RegisterPhoneNumActivity,EditText,"['#D2D2D2', '#F7F7F7']","['#F7F7F7', '#D2D2D2']"
com.huawei.hwid,com.huawei.hwid.ui.common.login.RegisterViaEmailActivity,EditText,"['#D2D2D2', '#F7F7F7']","['#F7F7F7', '#D2D2D2']"
com.huawei.hwid,com.huawei.hwid.ui.common.login.RegisterViaEmailActivity,EditText,"['#0099CC', '#F7F7F7']","['#F7F7F7', '#0099CC']"
com.huawei.hwid,com.huawei.hwid.ui.common.password.QuickResetPasswordActivity,TextView,"['#0A9DCD', '#F8F8F8']","['#F8F8F8', '#0A9DCD']"
com.huawei.hwid,com.huawei.hwid.ui.common.password.QuickResetPasswordActivity,EditText,"['#0099CC', '#F8F8F8']","['#F8F8F8', '#0099CC']"
com.huawei.hwid,com.huawei.hwid.ui.common.setting.PIMSettings,EditText,"['#D2D2D2', '#F7F7F7']","['#F7F7F7', '#D2D2D2']"
com.huawei.hwid,com.huawei.hwid.ui.common.setting.PIMSettings,EditText,"['#0099CC', '#F7F7F7']","['#F7F7F7', '#0099CC']"
com.huawei.hwid,com.huawei.hwid.ui.common.password.FindpwdByHwIdActivity,EditText,"['#D2D2D2', '#F7F7F7']","['#F7F7F7', '#0099CC']"
com.huawei.hwid,com.huawei.hwid.ui.common.setting.ModifyPasswordActivity,EditText,"['#D2D2D2', '#F7F7F7']","['#F7F7F7', '#D2D2D2']"
com.huawei.hwid,com.huawei.hwid.ui.common.setting.ModifyPasswordActivity,EditText,"['#D2D2D2', '#F7F7F7']","['#F7F7F7', '#D2D2D2']"
com.huawei.hwid,com.huawei.hwid.ui.common.setting.ModifyPasswordActivity,EditText,"['#0099CC', '#F7F7F7']","['#F7F7F7', '#0099CC']"
com.huawei.hwid,com.huawei.hwid.ui.common.login.LoginActivity,EditText,"['#D2D2D2', '#F7F7F7']","['#F7F7F7', '#0099CC']"
com.huawei.hwid,com.huawei.hwid.ui.common.login.LoginActivity,EditText,"['#D2D2D2', '#F7F7F7']","['#F7F7F7', '#D2D2D2']"
com.huawei.hwid,com.huawei.hwid.ui.common.login.LoginActivity,TextView,"['#979797', '#F7F7F7']","['#F7F7F7', '#979797']"
com.huawei.hwid,com.huawei.hwid.ui.common.login.RegisterViaPhoneNumberActivity,TextView,"['#979797', '#F7F7F7']","['#F7F7F7', '#000000']"
com.huawei.hwid,com.huawei.hwid.ui.common.login.RegisterViaPhoneNumberActivity,EditText,"['#0099CC', '#F7F7F7']","['#F7F7F7', '#0099CC']"
com.huawei.hwid,com.huawei.hwid.ui.common.login.StartUpGuideLoginForAPPActivity,TextView,"['#23A7D7', '#E6E6E6']","['#23A7D7', '#E4E4E4']"
com.huawei.hwid,com.huawei.hwid.ui.common.login.StartUpGuideLoginForAPPActivity,TextView,"['#E6E6E6', '#7B7B7B']","['#7B7B7B', '#E9E9E9']"
com.huawei.hwid,com.huawei.hwid.ui.extend.setting.BindEmailSettingsActivity,EditText,"['#0099CC', '#F7F7F7']","['#F7F7F7', '#D2D2D2']"
com.huawei.hwid,com.huawei.hwid.ui.common.login.LoginDialog,TextView,"['#33B5E5', '#F5F5F5']","['#F5F5F5', '#33B5E5']"
com.huawei.hwid,com.huawei.hwid.ui.common.login.LoginDialog,EditText,"['#FB9B27', '#FFFFFF']","['#FFFFFF', '#F7F7F7']"
com.huawei.hwid,com.huawei.hwid.ui.common.login.LoginDialog,EditText,"['#D9D9D9', '#FFFFFF']","['#FFFFFF', '#F7F7F7']"
com.huawei.hwid,com.huawei.hwid.ui.common.login.LoginDialog,TextView,"['#979797', '#F7F7F7']","['#F7F7F7', '#979797']"
com.huawei.hwid,com.huawei.hwid.ui.extend.setting.BindPhoneSettingsActivity,EditText,"['#0099CC', '#F7F7F7']","['#F7F7F7', '#0099CC']"
com.huawei.hwid,com.huawei.hwid.ui.common.login.PrivacyPolicyActivity,TextView,"['#33B5E5', '#F5F5F5']","['#F5F5F5', '#33B5E5']"
com.huawei.hwid,com.huawei.hwid.ui.common.login.CheckLoginedPassword,TextView,"['#33B5E5', '#F5F5F5']","['#F5F5F5', '#33B5E5']"
com.huawei.hwid,com.huawei.hwid.ui.common.login.CheckLoginedPassword,EditText,"['#FB9B27', '#FFFFFF']","['#FFFFFF', '#F7F7F7']"
com.huawei.hwid,com.huawei.hwid.ui.common.login.CheckLoginedPassword,TextView,"['#979797', '#F7F7F7']","['#F7F7F7', '#979797']"
com.huawei.hwid,com.huawei.hwid.openapi.quicklogin.ui.QuickLoginActivity,TextView,"['#37AFDB', '#FFFFFF']","['#FFFFFF', '#37AFDB']"
com.huawei.hwid,com.huawei.hwid.openapi.quicklogin.ui.QuickLoginActivity,TextView,"['#0CA1DA', '#FFFFFF']","['#FFFFFF', '#19A6DA']"
com.huawei.hwid,com.huawei.hwid.openapi.quicklogin.ui.QuickLoginActivity,TextView,"['#0A9DCD', '#F8F8F8']","['#F8F8F8', '#0A9DCD']"
com.huawei.hwid,com.huawei.hwid.openapi.quicklogin.ui.QuickLoginActivity,TextView,"['#0A9DCD', '#F8F8F8']","['#F8F8F8', '#0A9DCD']"
com.huawei.hwid,com.huawei.hwid.openapi.quicklogin.ui.QuickLoginActivity,ImageView,"['#9D9D9D', '#F8F8F8']","['#F8F8F8', '#9D9D9D']"
com.huawei.hwid,com.huawei.hwid.ui.common.login.QuickLoginActivity,TextView,"['#0A9DCD', '#F8F8F8']","['#F8F8F8', '#0A9DCD']"
com.huawei.hwid,com.huawei.hwid.ui.common.login.QuickLoginActivity,Button,"['#999999', '#D2D2D2']","['#D2D2D2', '#F8F8F8']"
com.huawei.hwid,com.huawei.hwid.ui.extend.setting.StartUpGuideLoginActivity,TextView,"['#23A7D7', '#E6E6E6']","['#23A7D7', '#E4E4E4']"
com.huawei.hwid,com.huawei.hwid.ui.extend.setting.StartUpGuideLoginActivity,TextView,"['#E6E6E6', '#23A7D7']","['#23A7D7', '#F5F5F5']"
com.huawei.hwid,com.huawei.hwid.ui.extend.setting.StartUpGuideLoginActivity,TextView,"['#E6E6E6', '#7B7B7B']","['#7B7B7B', '#E9E9E9']"
com.huawei.hwid,com.huawei.hwid.ui.common.password.ResetPwdByPhoneNumberActivity,EditText,"['#D2D2D2', '#F7F7F7']","['#F7F7F7', '#D2D2D2']"
com.huawei.hwid,com.huawei.hwid.ui.common.login.QuickRegisterConfirmActivity,TextView,"['#0A9DCD', '#F8F8F8']","['#F8F8F8', '#0A9DCD']"
com.huawei.hwid,com.huawei.hwid.ui.common.login.QuickRegisterActivity,TextView,"['#0A9DCD', '#F8F8F8']","['#F8F8F8', '#0A9DCD']"
com.topzoomapps.skiloo,com.topzoomapps.skiloo.Website169929,ImageButton,"['#33B5E5', '#EAEAEA']","['#EAEAEA', '#EBEBEB']"
com.topzoomapps.skiloo,com.topzoomapps.skiloo.Website169931,ImageButton,"['#33B5E5', '#EAEAEA']","['#EAEAEA', '#EBEBEB']"
com.topzoomapps.skiloo,com.topzoomapps.skiloo.Website169930,ImageButton,"['#33B5E5', '#EAEAEA']","['#EAEAEA', '#EBEBEB']"
com.topzoomapps.skiloo,com.topzoomapps.skiloo.AndromoDashboardActivity,ImageButton,"['#33B5E5', '#EAEAEA']","['#EAEAEA', '#EBEBEB']"
com.feeperfect.feemwifi.free,com.feeperfect.feemwifi.ActivitySplashScreen,TextView,"['#FFFFFF', '#68C168']","['#68C168', '#FFFFFF']"
com.feeperfect.feemwifi.free,com.feeperfect.feemwifi.ActivitySplashScreen,TextView,"['#FFFFFF', '#68C168']","['#68C168', '#FFFFFF']"
com.feeperfect.feemwifi.free,com.feeperfect.feemwifi.ActivitySplashScreen,TextView,"['#FFFFFF', '#68C168']","['#68C168', '#FFFFFF']"
com.feeperfect.feemwifi.free,com.feeperfect.feemwifi.ActivityMain,TextView,"['#FFFFFF', '#68C168']","['#68C168', '#FFFFFF']"
com.feeperfect.feemwifi.free,com.feeperfect.feemwifi.ActivityMain,TextView,"['#FFFFFF', '#68C168']","['#68C168', '#FFFFFF']"
com.feeperfect.feemwifi.free,com.feeperfect.feemwifi.ActivityMain,TextView,"['#FFFFFF', '#68C168']","['#68C168', '#FFFFFF']"
de.markusfisch.android.shadereditorF049D62A646B115791D9E7817EB7410EC9137880,de.markusfisch.android.shadereditor.activity.MainActivity,TextView,"['#BCD8D1', '#207F67']","['#207F67', '#BBD8D1']"
com.link.kuaiji,com.example.account.login.LoginActivity,TextView,"['#FFFFFF', '#73D39C']","['#73D39C', '#FFFFFF']"
com.link.kuaiji,com.example.account.login.LoginActivity,Button,"['#FFFFFF', '#73D39C']","['#73D39C', '#74D49D']"
com.link.kuaiji,com.example.account.login.LoginActivity,Button,"['#FFFFFF', '#73D39C']","['#73D39C', '#74D49D']"
com.link.kuaiji,com.example.account.login.LoginActivity,TextView,"['#73D39C', '#FFFFFF']","['#FFFFFF', '#73D39C']"
com.link.kuaiji,com.example.account.login.LoginActivity,TextView,"['#73D39C', '#FFFFFF']","['#FFFFFF', '#73D39C']"
com.link.kuaiji,com.example.account.login.LoginActivity,ImageView,"['#73D39C', '#FFFFFF']","['#FFFFFF', '#73D39C']"
com.link.kuaiji,com.example.account.login.LoginActivity,ImageView,"['#73D39C', '#FFFFFF']","['#FFFFFF', '#73D39C']"
com.link.kuaiji,com.example.account.login.EntranceActivity,TextView,"['#FFFFFF', '#73D39C']","['#73D39C', '#FFFFFF']"
com.link.kuaiji,com.example.account.login.EntranceActivity,TextView,"['#FFFFFF', '#73D39C']","['#73D39C', '#FFFFFF']"
com.link.kuaiji,com.example.account.login.EntranceActivity,TextView,"['#45C01A', '#FFFFFF']","['#FFFFFF', '#45C01A']"
com.link.kuaiji,com.example.account.login.EntranceActivity,TextView,"['#3CB371', '#FFFFFF']","['#FFFFFF', '#3CB371']"
com.link.kuaiji,com.example.account.login.EntranceActivity,TextView,"['#3CB371', '#FFFFFF']","['#FFFFFF', '#3CB371']"
com.link.kuaiji,com.example.account.login.EntranceActivity,TextView,"['#FFFFFF', '#73D39C']","['#73D39C', '#FFFFFF']"
com.link.kuaiji,com.example.account.login.EntranceActivity,TextView,"['#FFFFFF', '#73D39C']","['#73D39C', '#FFFFFF']"
com.link.kuaiji,com.example.account.login.EntranceActivity,TextView,"['#FFFFFF', '#73D39C']","['#73D39C', '#FFFFFF']"
com.link.kuaiji,com.example.account.login.EntranceActivity,ImageView,"['#67BD8B', '#73D39C']","['#73D39C', '#FBFEFC']"
com.link.kuaiji,com.example.account.login.EntranceActivity,ImageView,"['#FFFFFF', '#73D39C']","['#73D39C', '#FFFFFF']"
com.link.kuaiji,com.example.account.login.RegisterActivity,TextView,"['#FFFFFF', '#73D39C']","['#73D39C', '#FFFFFF']"
com.link.kuaiji,com.example.account.login.RegisterActivity,TextView,"['#3CB371', '#FFFFFF']","['#FFFFFF', '#3CB371']"
com.link.kuaiji,com.example.account.login.RegisterActivity,TextView,"['#FFFFFF', '#3CB371']","['#3CB371', '#FFFFFF']"
com.link.kuaiji,com.example.account.login.RegisterActivity,Button,"['#FFFFFF', '#73D39C']","['#73D39C', '#74D49D']"
com.link.kuaiji,com.example.account.login.RegisterActivity,ImageView,"['#FFFFFF', '#73D39C']","['#73D39C', '#FFFFFF']"
com.link.kuaiji,com.example.account.login.RegisterActivity,EditText,"['#0099CC', '#FFFFFF']","['#FFFFFF', '#0099CC']"
com.link.kuaiji,com.example.account.login.RegisterActivity,EditText,"['#808080', '#FFFFFF']","['#FFFFFF', '#808080']"
com.link.kuaiji,com.example.account.login.RegisterActivity,EditText,"['#808080', '#FFFFFF']","['#FFFFFF', '#808080']"
com.andrewsomething.statenislandferry,com.andrewsomething.statenislandferry.SIFerryActivity,Button,"['#FFFFFF', '#4CAF50']","['#4CAF50', '#FFFFFF']"
com.trueway.nagaxking.trueway,com.trueway.nagaxking.trueway.Activity.BrowsePlansActivity,TextView,"['#428BCA', '#FFFFFF']","['#FFFFFF', '#428BCA']"
com.trueway.nagaxking.trueway,com.trueway.nagaxking.trueway.Activity.MainActivity,EditText,"['#9E9E9E', '#FFFFFF']","['#FFFFFF', '#9E9E9E']"
com.trueway.nagaxking.trueway,com.trueway.nagaxking.trueway.Activity.MainActivity,EditText,"['#9E9E9E', '#FFFFFF']","['#FFFFFF', '#9E9E9E']"
com.trueway.nagaxking.trueway,com.trueway.nagaxking.trueway.Activity.MainActivity,ImageButton,"['#CCCCCC', '#D6D7D7']","['#D6D7D7', '#FFFFFF']"
com.trueway.nagaxking.trueway,com.trueway.nagaxking.trueway.Activity.MainActivity,ImageView,"['#FAFAFA', '#CCCCCC']","['#CCCCCC', '#FAFAFA']"
com.trueway.nagaxking.trueway,com.trueway.nagaxking.trueway.Activity.MainActivity,ImageView,"['#CCCCCC', '#FAFAFA']","['#FAFAFA', '#CCCCCC']"
com.trueway.nagaxking.trueway,com.trueway.nagaxking.trueway.Activity.MainActivity,ImageView,"['#CCCCCC', '#FAFAFA']","['#FAFAFA', '#CCCCCC']"
com.trueway.nagaxking.trueway,com.trueway.nagaxking.trueway.Activity.MainActivity,TextView,"['#428BCA', '#FFFFFF']","['#FFFFFF', '#428BCA']"
com.trueway.nagaxking.trueway,com.trueway.nagaxking.trueway.Activity.MainActivity,TextView,"['#428BCA', '#FFFFFF']","['#FFFFFF', '#428BCA']"
com.trueway.nagaxking.trueway,com.trueway.nagaxking.trueway.Activity.MainActivity,TextView,"['#428BCA', '#FFFFFF']","['#FFFFFF', '#428BCA']"
com.trueway.nagaxking.trueway,com.trueway.nagaxking.trueway.Activity.MainActivity,TextView,"['#428BCA', '#FFFFFF']","['#FFFFFF', '#428BCA']"
com.trueway.nagaxking.trueway,com.trueway.nagaxking.trueway.Activity.MainActivity,TextView,"['#428BCA', '#FFFFFF']","['#FFFFFF', '#428BCA']"
com.trueway.nagaxking.trueway,com.trueway.nagaxking.trueway.Activity.MainActivity,TextView,"['#428BCA', '#FFFFFF']","['#FFFFFF', '#428BCA']"
com.trueway.nagaxking.trueway,com.trueway.nagaxking.trueway.Activity.MainActivity,Button,"['#FFFFFF', '#428BCA']","['#428BCA', '#FFFFFF']"
com.trueway.nagaxking.trueway,com.trueway.nagaxking.trueway.Activity.SplashScreenActivity,EditText,"['#9E9E9E', '#FFFFFF']","['#FFFFFF', '#9E9E9E']"
com.trueway.nagaxking.trueway,com.trueway.nagaxking.trueway.Activity.SplashScreenActivity,EditText,"['#9E9E9E', '#FFFFFF']","['#FFFFFF', '#9E9E9E']"
com.trueway.nagaxking.trueway,com.trueway.nagaxking.trueway.Activity.SplashScreenActivity,Button,"['#FFFFFF', '#428BCA']","['#428BCA', '#FFFFFF']"
com.trueway.nagaxking.trueway,com.trueway.nagaxking.trueway.Activity.LoginActivity,EditText,"['#9E9E9E', '#FFFFFF']","['#FFFFFF', '#9E9E9E']"
com.trueway.nagaxking.trueway,com.trueway.nagaxking.trueway.Activity.LoginActivity,EditText,"['#9E9E9E', '#FFFFFF']","['#FFFFFF', '#9E9E9E']"
com.trueway.nagaxking.trueway,com.trueway.nagaxking.trueway.Activity.LoginActivity,Button,"['#FFFFFF', '#428BCA']","['#428BCA', '#FFFFFF']"
com.wiztrit.android,com.wiztrit.android.SearchActivity,EditText,"['#0099CC', '#FFFFFF']","['#FFFFFF', '#0099CC']"
com.cricinstant.cricket,com.cricinstant.cricket.SelectTeamActivity,TextView,"['#000000', '#1C7F08']","['#1C7F08', '#000000']"
com.cricinstant.cricket,com.cricinstant.cricket.SelectTeamActivity,TextView,"['#000000', '#1C7F08']","['#1C7F08', '#1B7C07']"
com.cricinstant.cricket,com.cricinstant.cricket.MediaIntermediateScreen,TextView,"['#000000', '#1C7F08']","['#1C7F08', '#000000']"
com.cricinstant.cricket,com.cricinstant.cricket.SelectLeaguesActivity,TextView,"['#000000', '#1C7F08']","['#1C7F08', '#000000']"
com.cricinstant.cricket,com.cricinstant.cricket.SelectLeaguesActivity,TextView,"['#000000', '#1C7F08']","['#1C7F08', '#1B7C07']"
com.cricinstant.cricket,com.cricinstant.cricket.InstantCommentaryActivity,TextView,"['#33B5E5', '#F5F5F5']","['#F5F5F5', '#33B5E5']"
com.cricinstant.cricket,com.cricinstant.cricket.InstantLiveInPlayerActivity,TextView,"['#000000', '#1C7F08']","['#1C7F08', '#000000']"
com.cricinstant.cricket,com.cricinstant.cricket.InstantSplashscreenActivity,TextView,"['#000000', '#1C7F08']","['#1C7F08', '#000000']"
com.cricinstant.cricket,com.cricinstant.cricket.InstantSplashscreenActivity,TextView,"['#FFFFFF', '#949494']","['#949494', '#939393']"
com.cricinstant.cricket,com.cricinstant.cricket.SettingsActivity,TextView,"['#9E9E9E', '#DCDCDC']","['#DCDCDC', '#9E9E9E']"
com.cricinstant.cricket,com.cricinstant.cricket.SettingsActivity,TextView,"['#9E9E9E', '#DCDCDC']","['#DCDCDC', '#9E9E9E']"
com.cricinstant.cricket,com.cricinstant.cricket.SettingsActivity,TextView,"['#9E9E9E', '#DCDCDC']","['#DCDCDC', '#9E9E9E']"
com.cricinstant.cricket,com.cricinstant.cricket.SettingsActivity,TextView,"['#000000', '#1C7F08']","['#1C7F08', '#000000']"
com.cricinstant.cricket,com.cricinstant.cricket.InstantScorecardActivity,TextView,"['#33B5E5', '#F5F5F5']","['#F5F5F5', '#33B5E5']"
com.shoutcast.stm.radiowebshalom,com.shoutcast.stm.radiowebshalom.MainActivity,TextView,"['#817D77', '#3F3F9F']","['#3F3F9F', '#3F4E72']"
com.shoutcast.stm.radiowebshalom,com.shoutcast.stm.radiowebshalom.MainActivity,TextView,"['#000C1C', '#00007F']","['#00007F', '#031432']"
com.cubesugar2014.emerrec,com.cubesugar2014.emerrec.IntroActivity,TextView,"['#FF0000', '#EFEFEF']","['#EFEFEF', '#F0F0F0']"
com.cubesugar2014.emerrec,com.cubesugar2014.emerrec.MainActivity,TextView,"['#FF0000', '#EFEFEF']","['#EFEFEF', '#F0F0F0']"
br.com.tecla.redencao,br.com.tecla.redencao.MainActivity,TextView,"['#CFCFCF', '#606060']","['#FFFFFF', '#606060']"
br.com.tecla.redencao,br.com.tecla.redencao.MainActivity,TextView,"['#D2D2D2', '#606060']","['#FFFFFF', '#606060']"
com.vcroitor.find.it,com.vcroitor.find.it.ui.activity.SearchActivity,TextView,"['#33B5E5', '#F5F5F5']","['#F5F5F5', '#33B5E5']"
com.lintasgps.cakragps,com.lintasgps.cakragps.LoginActivity,EditText,"['#FB9B27', '#FFFFFF']","['#FFFFFF', '#FDFDFD']"
com.lintasgps.cakragps,com.lintasgps.cakragps.LoginActivity,TextView,"['#BEBEBE', '#FFFFFF']","['#FFFFFF', '#BEBEBE']"
com.lintasgps.cakragps,com.lintasgps.cakragps.LoginActivity,EditText,"['#888888', '#FFFFFF']","['#FFFFFF', '#FEFEFE']"
com.lintasgps.cakragps,com.lintasgps.cakragps.ShowInfo,ImageButton,"['#878A94', '#3A5FCC']","['#375AC3', '#2D679C']"
com.lintasgps.cakragps,com.lintasgps.cakragps.ShowInfo,ImageButton,"['#04AEDA', '#495949']","['#495949', '#04AEDA']"
com.lintasgps.cakragps,com.lintasgps.cakragps.AlertActivity,TextView,"['#FFFFFF', '#AAAAFF']","['#AAAAFF', '#FFFFFF']"
com.lintasgps.cakragps,com.lintasgps.cakragps.AlertActivity,ImageButton,"['#878A94', '#3A5FCC']","['#385BC5', '#EEE8DC']"
